extension,total_files,classified_files,unclassified_files,classification_rate_pct,unclassified_rate_pct
.out,76904,76904,0,100.0,0.0
.dat,24675,2,24673,0.0081,99.9919
.arff,16328,0,16328,0.0,100.0
(none),3866,56,3810,1.4485,98.5515
.gd,1802,0,1802,0.0,100.0
.py,1287,281,1006,21.8337,78.1663
.java,983,950,33,96.6429,3.3571
.json,694,0,694,0.0,100.0
.txt,648,123,525,18.9815,81.0185
.npy,497,0,497,0.0,100.0
.png,468,40,428,8.547,91.453
.xml,304,0,304,0.0,100.0
.js,294,12,282,4.0816,95.9184
.h,283,24,259,8.4806,91.5194
.cpp,229,157,72,68.559,31.441
.md,210,85,125,40.4762,59.5238
.sh,176,66,110,37.5,62.5
.bin,172,0,172,0.0,100.0
.css,118,10,108,8.4746,91.5254
.model,112,0,112,0.0,100.0
.html,110,81,29,73.6364,26.3636
.r,77,1,76,1.2987,98.7013
.tsv,63,0,63,0.0,100.0
.csv,62,0,62,0.0,100.0
.gif,57,4,53,7.0175,92.9825
.pdf,56,14,42,25.0,75.0
.glb,49,0,49,0.0,100.0
.properties,45,0,45,0.0,100.0
.pyc,44,36,8,81.8182,18.1818
.htm,43,1,42,2.3256,97.6744
.m,40,0,40,0.0,100.0
.pkl,40,0,40,0.0,100.0
.svg,38,12,26,31.5789,68.4211
.messages,37,37,0,100.0,0.0
.ipynb,30,3,27,10.0,90.0
.c,29,22,7,75.8621,24.1379
.rst,28,17,11,60.7143,39.2857
.jpage,28,2,26,7.1429,92.8571
.bmp,27,0,27,0.0,100.0
.cc,26,18,8,69.2308,30.7692
.gnuplot,24,5,19,20.8333,79.1667
.ndjson,21,0,21,0.0,100.0
.jpg,20,12,8,60.0,40.0
.yml,17,0,17,0.0,100.0
.rb,16,11,5,68.75,31.25
.patch,16,0,16,0.0,100.0
.mtl,16,0,16,0.0,100.0
.obj,16,0,16,0.0,100.0
.rdata,16,0,16,0.0,100.0
.oebin,14,0,14,0.0,100.0
.mat,13,0,13,0.0,100.0
.ttf,12,3,9,25.0,75.0
.tre,12,0,12,0.0,100.0
.woff,11,3,8,27.2727,72.7273
.svn-base,10,0,10,0.0,100.0
.psd,10,1,9,10.0,90.0
.bsh,10,0,10,0.0,100.0
.hpp,10,0,10,0.0,100.0
.jar,10,0,10,0.0,100.0
.conf,9,0,9,0.0,100.0
.ig,9,0,9,0.0,100.0
.hh,9,0,9,0.0,100.0
.eot,8,3,5,37.5,62.5
.launcher$appclassloader@106d69c,8,0,8,0.0,100.0
.rar,8,0,8,0.0,100.0
.pp,8,0,8,0.0,100.0
.example,7,0,7,0.0,100.0
.ttl,7,0,7,0.0,100.0
.mk,7,6,1,85.7143,14.2857
.rd,6,0,6,0.0,100.0
.vsz,6,0,6,0.0,100.0
.data,6,4,2,66.6667,33.3333
.swf,5,2,3,40.0,60.0
.awk,5,1,4,20.0,80.0
.pl,5,0,5,0.0,100.0
.mako,5,0,5,0.0,100.0
.cfg,5,0,5,0.0,100.0
.doctree,5,5,0,100.0,0.0
.7z,5,0,5,0.0,100.0
.sbatch,5,0,5,0.0,100.0
.sty,5,4,1,80.0,20.0
.fits,5,0,5,0.0,100.0
.bib,4,2,2,50.0,50.0
.woff2,4,0,4,0.0,100.0
.xls,4,0,4,0.0,100.0
.perl,4,0,4,0.0,100.0
.rda,4,0,4,0.0,100.0
.ini,4,0,4,0.0,100.0
.docx,4,2,2,50.0,50.0
.features,4,0,4,0.0,100.0
.tex,4,3,1,75.0,25.0
.config,4,0,4,0.0,100.0
.vcproj,4,0,4,0.0,100.0
.scala,4,4,0,100.0,0.0
.mp4,4,4,0,100.0,0.0
.dump,3,0,3,0.0,100.0
.en,3,0,3,0.0,100.0
.vi,3,0,3,0.0,100.0
.gbk,3,0,3,0.0,100.0
.ico,3,3,0,100.0,0.0
.in,3,0,3,0.0,100.0
.ui,3,0,3,0.0,100.0
.zip,3,0,3,0.0,100.0
.prefs,3,0,3,0.0,100.0
.tgz,3,0,3,0.0,100.0
.tbz2,3,0,3,0.0,100.0
.raw1,3,0,3,0.0,100.0
.raw2,3,0,3,0.0,100.0
.expected,3,0,3,0.0,100.0
.jpeg,2,0,2,0.0,100.0
.rhistory,2,0,2,0.0,100.0
.rproj,2,0,2,0.0,100.0
.lock,2,0,2,0.0,100.0
.xlsx,2,1,1,50.0,50.0
.pyx,2,0,2,0.0,100.0
.proj,2,0,2,0.0,100.0
.yaml,2,0,2,0.0,100.0
.mapping,2,0,2,0.0,100.0
.rmd,2,1,1,50.0,50.0
.disabled,2,2,0,100.0,0.0
.diff,2,0,2,0.0,100.0
.launcher$appclassloader@106d69c-1,2,0,2,0.0,100.0
.launcher$appclassloader@106d69c-2,2,0,2,0.0,100.0
.tr,2,0,2,0.0,100.0
.fastq,2,0,2,0.0,100.0
.399,2,0,2,0.0,100.0
.799,2,0,2,0.0,100.0
.999,2,0,2,0.0,100.0
.col,2,0,2,0.0,100.0
.row,2,0,2,0.0,100.0
.cls,2,2,0,100.0,0.0
.ru,2,0,2,0.0,100.0
.tokens,2,0,2,0.0,100.0
.rkt,2,0,2,0.0,100.0
.elp,2,0,2,0.0,100.0
.sbt,2,0,2,0.0,100.0
.bonsai,2,0,2,0.0,100.0
.template,2,0,2,0.0,100.0
.dll,2,0,2,0.0,100.0
.iml,1,0,1,0.0,100.0
.pt,1,0,1,0.0,100.0
.vmat,1,0,1,0.0,100.0
.testdata,1,0,1,0.0,100.0
.avi,1,0,1,0.0,100.0
.dcr,1,0,1,0.0,100.0
.flv,1,0,1,0.0,100.0
.mov,1,0,1,0.0,100.0
.ram,1,0,1,0.0,100.0
.rm,1,0,1,0.0,100.0
.xls#,1,0,1,0.0,100.0
.ds_store,1,0,1,0.0,100.0
.prop,1,0,1,0.0,100.0
.xcf,1,0,1,0.0,100.0
.old,1,0,1,0.0,100.0
.rscript,1,0,1,0.0,100.0
.gpl,1,0,1,0.0,100.0
.fna,1,0,1,0.0,100.0
.gff3,1,0,1,0.0,100.0
.npz,1,0,1,0.0,100.0
.ods,1,1,0,100.0,0.0
.db,1,0,1,0.0,100.0
.11739,1,0,1,0.0,100.0
.pickle,1,0,1,0.0,100.0
.inv,1,1,0,100.0,0.0
.bak,1,0,1,0.0,100.0
.pptx,1,1,0,100.0,0.0
.d,1,0,1,0.0,100.0
.orientdb_install,1,0,1,0.0,100.0
.fcgi,1,0,1,0.0,100.0
.service,1,0,1,0.0,100.0
.sql,1,0,1,0.0,100.0
.php,1,0,1,0.0,100.0
.update,1,0,1,0.0,100.0
.jq,1,0,1,0.0,100.0
.owl,1,0,1,0.0,100.0
.pro,1,0,1,0.0,100.0
.tar,1,0,1,0.0,100.0
.linux,1,0,1,0.0,100.0
.mac,1,0,1,0.0,100.0
.src_linux,1,0,1,0.0,100.0
.from_github,1,0,1,0.0,100.0
.mason2,1,0,1,0.0,100.0
.id,1,0,1,0.0,100.0
.thetameans,1,0,1,0.0,100.0
.gz,1,0,1,0.0,100.0
.modular,1,0,1,0.0,100.0
.features~,1,0,1,0.0,100.0
.99,1,0,1,0.0,100.0
.199,1,0,1,0.0,100.0
.299,1,0,1,0.0,100.0
.499,1,0,1,0.0,100.0
.599,1,0,1,0.0,100.0
.699,1,0,1,0.0,100.0
.899,1,0,1,0.0,100.0
.lad,1,1,0,100.0,0.0
.plots,1,1,0,100.0,0.0
.sequential,1,1,0,100.0,0.0
.snd,1,1,0,100.0,0.0
.stats,1,1,0,100.0,0.0
.threaded,1,1,0,100.0,0.0
.vf2,1,1,0,100.0,0.0
.bst,1,1,0,100.0,0.0
.clo,1,1,0,100.0,0.0
.sgml,1,1,0,100.0,0.0
.gemspec,1,0,1,0.0,100.0
.phtml,1,0,1,0.0,100.0
.erb,1,0,1,0.0,100.0
.g,1,0,1,0.0,100.0
.sqlite3,1,0,1,0.0,100.0
.gff,1,0,1,0.0,100.0
.bed,1,0,1,0.0,100.0
.coords,1,0,1,0.0,100.0
.output,1,0,1,0.0,100.0
.markdown,1,1,0,100.0,0.0
.htc,1,1,0,100.0,0.0
.m4v,1,1,0,100.0,0.0
.ogv,1,1,0,100.0,0.0
.cff,1,0,1,0.0,100.0
.forget,1,0,1,0.0,100.0
.gethi,1,0,1,0.0,100.0
.joint,1,0,1,0.0,100.0
.sh~,1,0,1,0.0,100.0
