step,rule_id,files_with_rule_evidence
collection,COL_CONTENT_ACQUIRE,68
collection,COL_PATH_ACQUIRE_FILE,9
dissemination,DIS_PATH_DOC_DIR,409
dissemination,DIS_README,104
dissemination,DIS_CONTENT_CITATION,35
dissemination,DIS_DOC_BUILD,5
evaluation,EVA_CONTENT_METRIC,103
evaluation,EVA_PATH_EVAL_DIR,30
evaluation,EVA_PATH_EVAL_FILE,11
experimentation,EXP_PATH_EXPERIMENT_DIR,77075
experimentation,EXP_CONTENT_RUN,51
experimentation,EXP_PATH_EXPERIMENT_FILE,8
implementation,IMP_PATH_SOURCE_DIR,976
implementation,IMP_PATH_TESTS,452
implementation,IMP_PACKAGE_FILE,22
implementation,IMP_CLI_FILE,11
processing,PRO_CONTENT_PROCESS,286
processing,PRO_PATH_PROCESS_DIR,268
processing,PRO_PATH_PROCESS_FILE,7
