extension,unclassified_files,pct_of_unclassified_files,excluded_by_design,source_like
.dat,24673,46.9256,False,False
.arff,16328,31.0542,True,False
(none),3810,7.2462,False,False
.gd,1802,3.4272,False,False
.py,1006,1.9133,False,True
.json,694,1.3199,True,False
.txt,525,0.9985,False,False
.npy,497,0.9452,True,False
.png,428,0.814,False,False
.xml,304,0.5782,True,False
.js,282,0.5363,False,True
.h,259,0.4926,False,True
.bin,172,0.3271,False,False
.md,125,0.2377,False,False
.model,112,0.213,False,False
.sh,110,0.2092,False,True
.css,108,0.2054,False,False
.r,76,0.1445,False,True
.cpp,72,0.1369,False,True
.tsv,63,0.1198,True,False
.csv,62,0.1179,True,False
.gif,53,0.1008,False,False
.glb,49,0.0932,False,False
.properties,45,0.0856,False,False
.htm,42,0.0799,False,False
.pdf,42,0.0799,False,False
.m,40,0.0761,False,True
.pkl,40,0.0761,True,False
.java,33,0.0628,False,True
.html,29,0.0552,False,False
.ipynb,27,0.0514,False,True
.bmp,27,0.0514,False,False
.svg,26,0.0494,False,False
.jpage,26,0.0494,False,False
.ndjson,21,0.0399,True,False
.gnuplot,19,0.0361,False,False
.yml,17,0.0323,True,False
.patch,16,0.0304,False,False
.mtl,16,0.0304,False,False
.obj,16,0.0304,False,False
.rdata,16,0.0304,False,False
.oebin,14,0.0266,False,False
.mat,13,0.0247,False,False
.tre,12,0.0228,False,False
.rst,11,0.0209,False,False
.svn-base,10,0.019,False,False
.bsh,10,0.019,False,False
.hpp,10,0.019,False,True
.jar,10,0.019,False,False
.ttf,9,0.0171,False,False
.psd,9,0.0171,False,False
.conf,9,0.0171,False,False
.ig,9,0.0171,False,False
.hh,9,0.0171,False,False
.woff,8,0.0152,False,False
.jpg,8,0.0152,False,False
.pyc,8,0.0152,False,False
.launcher$appclassloader@106d69c,8,0.0152,False,False
.rar,8,0.0152,False,False
.cc,8,0.0152,False,True
.pp,8,0.0152,False,False
.example,7,0.0133,False,False
.ttl,7,0.0133,True,False
.c,7,0.0133,False,True
.rd,6,0.0114,False,False
.vsz,6,0.0114,False,False
.eot,5,0.0095,False,False
.pl,5,0.0095,False,True
.rb,5,0.0095,False,True
.mako,5,0.0095,False,False
.cfg,5,0.0095,True,False
.7z,5,0.0095,False,False
.sbatch,5,0.0095,False,False
.fits,5,0.0095,False,False
.woff2,4,0.0076,False,False
.xls,4,0.0076,False,False
.awk,4,0.0076,False,False
.perl,4,0.0076,False,False
.rda,4,0.0076,False,False
.ini,4,0.0076,True,False
.features,4,0.0076,False,False
.config,4,0.0076,False,False
.vcproj,4,0.0076,False,False
.dump,3,0.0057,False,False
.swf,3,0.0057,False,False
.en,3,0.0057,False,False
.vi,3,0.0057,False,False
.gbk,3,0.0057,False,False
.in,3,0.0057,False,False
.ui,3,0.0057,False,False
.zip,3,0.0057,False,False
.prefs,3,0.0057,False,False
.tgz,3,0.0057,False,False
.tbz2,3,0.0057,False,False
.raw1,3,0.0057,False,False
.raw2,3,0.0057,False,False
.expected,3,0.0057,False,False
.bib,2,0.0038,False,False
.jpeg,2,0.0038,False,False
.rhistory,2,0.0038,False,False
.rproj,2,0.0038,False,False
.lock,2,0.0038,False,False
.pyx,2,0.0038,False,False
.proj,2,0.0038,False,False
.yaml,2,0.0038,True,False
.mapping,2,0.0038,False,False
.diff,2,0.0038,False,False
.launcher$appclassloader@106d69c-1,2,0.0038,False,False
.launcher$appclassloader@106d69c-2,2,0.0038,False,False
.tr,2,0.0038,False,False
.fastq,2,0.0038,False,False
.399,2,0.0038,False,False
.799,2,0.0038,False,False
.999,2,0.0038,False,False
.col,2,0.0038,False,False
.row,2,0.0038,False,False
.data,2,0.0038,False,False
.ru,2,0.0038,False,False
.tokens,2,0.0038,False,False
.rkt,2,0.0038,False,False
.elp,2,0.0038,False,False
.docx,2,0.0038,False,False
.sbt,2,0.0038,False,False
.bonsai,2,0.0038,False,False
.template,2,0.0038,False,False
.dll,2,0.0038,False,False
.iml,1,0.0019,False,False
.pt,1,0.0019,False,False
.vmat,1,0.0019,False,False
.testdata,1,0.0019,False,False
.avi,1,0.0019,False,False
.dcr,1,0.0019,False,False
.flv,1,0.0019,False,False
.mov,1,0.0019,False,False
.ram,1,0.0019,False,False
.rm,1,0.0019,False,False
.xls#,1,0.0019,False,False
.ds_store,1,0.0019,False,False
.prop,1,0.0019,False,False
.xcf,1,0.0019,False,False
.old,1,0.0019,False,False
.rscript,1,0.0019,False,False
.gpl,1,0.0019,False,False
.fna,1,0.0019,False,False
.gff3,1,0.0019,False,False
.npz,1,0.0019,True,False
.db,1,0.0019,True,False
.xlsx,1,0.0019,False,False
.11739,1,0.0019,False,False
.pickle,1,0.0019,True,False
.bak,1,0.0019,False,False
.d,1,0.0019,False,False
.orientdb_install,1,0.0019,False,False
.fcgi,1,0.0019,False,False
.service,1,0.0019,False,False
.sql,1,0.0019,False,True
.php,1,0.0019,False,True
.update,1,0.0019,False,False
.jq,1,0.0019,False,False
.owl,1,0.0019,True,False
.pro,1,0.0019,False,False
.tar,1,0.0019,False,False
.linux,1,0.0019,False,False
.mac,1,0.0019,False,False
.src_linux,1,0.0019,False,False
.from_github,1,0.0019,False,False
.mason2,1,0.0019,False,False
.id,1,0.0019,False,False
.thetameans,1,0.0019,False,False
.gz,1,0.0019,False,False
.modular,1,0.0019,False,False
.features~,1,0.0019,False,False
.99,1,0.0019,False,False
.199,1,0.0019,False,False
.299,1,0.0019,False,False
.499,1,0.0019,False,False
.599,1,0.0019,False,False
.699,1,0.0019,False,False
.899,1,0.0019,False,False
.mk,1,0.0019,False,False
.tex,1,0.0019,False,False
.gemspec,1,0.0019,False,False
.phtml,1,0.0019,False,False
.erb,1,0.0019,False,False
.sty,1,0.0019,False,False
.g,1,0.0019,False,False
.rmd,1,0.0019,False,False
.sqlite3,1,0.0019,True,False
.gff,1,0.0019,False,False
.bed,1,0.0019,False,False
.coords,1,0.0019,False,False
.output,1,0.0019,False,False
.cff,1,0.0019,True,False
.forget,1,0.0019,False,False
.gethi,1,0.0019,False,False
.joint,1,0.0019,False,False
.sh~,1,0.0019,False,False
