keyword,count
read,21064
write,19458
model,17119
load,16709
save,12261
process,9360
plot,8358
parse,8186
export,7423
fit,5748
train,5566
transform,5231
extract,4931
analysis,3967
normalize,3707
clean,3517
report,3313
precision,3014
simulation,2955
evaluate,2910
predict,2618
accuracy,2587
download,2577
evaluation,2348
collect,1852
fetch,1788
metric,1778
optimize,1638
f1,1579
experiment,1486
simulate,1260
benchmark,883
visualize,818
preprocess,587
recall,584
trial,438
sweep,371
crawl,43
scrape,26
