extension,file_count,pct_of_all_files
.out,76904,58.4208
.dat,24675,18.7446
.arff,16328,12.4037
(none),3866,2.9368
.gd,1802,1.3689
.py,1287,0.9777
.java,983,0.7467
.json,694,0.5272
.txt,648,0.4923
.npy,497,0.3776
.png,468,0.3555
.xml,304,0.2309
.js,294,0.2233
.h,283,0.215
.cpp,229,0.174
.md,210,0.1595
.sh,176,0.1337
.bin,172,0.1307
.css,118,0.0896
.model,112,0.0851
.html,110,0.0836
.r,77,0.0585
.tsv,63,0.0479
.csv,62,0.0471
.gif,57,0.0433
.pdf,56,0.0425
.glb,49,0.0372
.properties,45,0.0342
.pyc,44,0.0334
.htm,43,0.0327
.m,40,0.0304
.pkl,40,0.0304
.svg,38,0.0289
.messages,37,0.0281
.ipynb,30,0.0228
.c,29,0.022
.rst,28,0.0213
.jpage,28,0.0213
.bmp,27,0.0205
.cc,26,0.0198
.gnuplot,24,0.0182
.ndjson,21,0.016
.jpg,20,0.0152
.yml,17,0.0129
.rb,16,0.0122
.patch,16,0.0122
.mtl,16,0.0122
.obj,16,0.0122
.rdata,16,0.0122
.oebin,14,0.0106
.mat,13,0.0099
.ttf,12,0.0091
.tre,12,0.0091
.woff,11,0.0084
.svn-base,10,0.0076
.psd,10,0.0076
.bsh,10,0.0076
.hpp,10,0.0076
.jar,10,0.0076
.conf,9,0.0068
.ig,9,0.0068
.hh,9,0.0068
.eot,8,0.0061
.launcher$appclassloader@106d69c,8,0.0061
.rar,8,0.0061
.pp,8,0.0061
.example,7,0.0053
.ttl,7,0.0053
.mk,7,0.0053
.rd,6,0.0046
.vsz,6,0.0046
.data,6,0.0046
.swf,5,0.0038
.awk,5,0.0038
.pl,5,0.0038
.mako,5,0.0038
.cfg,5,0.0038
.doctree,5,0.0038
.7z,5,0.0038
.sbatch,5,0.0038
.sty,5,0.0038
.fits,5,0.0038
.bib,4,0.003
.woff2,4,0.003
.xls,4,0.003
.perl,4,0.003
.rda,4,0.003
.ini,4,0.003
.docx,4,0.003
.features,4,0.003
.tex,4,0.003
.config,4,0.003
.vcproj,4,0.003
.scala,4,0.003
.mp4,4,0.003
.dump,3,0.0023
.en,3,0.0023
.vi,3,0.0023
.gbk,3,0.0023
.ico,3,0.0023
.in,3,0.0023
.ui,3,0.0023
.zip,3,0.0023
.prefs,3,0.0023
.tgz,3,0.0023
.tbz2,3,0.0023
.raw1,3,0.0023
.raw2,3,0.0023
.expected,3,0.0023
.jpeg,2,0.0015
.rhistory,2,0.0015
.rproj,2,0.0015
.lock,2,0.0015
.xlsx,2,0.0015
.pyx,2,0.0015
.proj,2,0.0015
.yaml,2,0.0015
.mapping,2,0.0015
.rmd,2,0.0015
.disabled,2,0.0015
.diff,2,0.0015
.launcher$appclassloader@106d69c-1,2,0.0015
.launcher$appclassloader@106d69c-2,2,0.0015
.tr,2,0.0015
.fastq,2,0.0015
.399,2,0.0015
.799,2,0.0015
.999,2,0.0015
.col,2,0.0015
.row,2,0.0015
.cls,2,0.0015
.ru,2,0.0015
.tokens,2,0.0015
.rkt,2,0.0015
.elp,2,0.0015
.sbt,2,0.0015
.bonsai,2,0.0015
.template,2,0.0015
.dll,2,0.0015
.iml,1,0.0008
.pt,1,0.0008
.vmat,1,0.0008
.testdata,1,0.0008
.avi,1,0.0008
.dcr,1,0.0008
.flv,1,0.0008
.mov,1,0.0008
.ram,1,0.0008
.rm,1,0.0008
.xls#,1,0.0008
.ds_store,1,0.0008
.prop,1,0.0008
.xcf,1,0.0008
.old,1,0.0008
.rscript,1,0.0008
.gpl,1,0.0008
.fna,1,0.0008
.gff3,1,0.0008
.npz,1,0.0008
.ods,1,0.0008
.db,1,0.0008
.11739,1,0.0008
.pickle,1,0.0008
.inv,1,0.0008
.bak,1,0.0008
.pptx,1,0.0008
.d,1,0.0008
.orientdb_install,1,0.0008
.fcgi,1,0.0008
.service,1,0.0008
.sql,1,0.0008
.php,1,0.0008
.update,1,0.0008
.jq,1,0.0008
.owl,1,0.0008
.pro,1,0.0008
.tar,1,0.0008
.linux,1,0.0008
.mac,1,0.0008
.src_linux,1,0.0008
.from_github,1,0.0008
.mason2,1,0.0008
.id,1,0.0008
.thetameans,1,0.0008
.gz,1,0.0008
.modular,1,0.0008
.features~,1,0.0008
.99,1,0.0008
.199,1,0.0008
.299,1,0.0008
.499,1,0.0008
.599,1,0.0008
.699,1,0.0008
.899,1,0.0008
.lad,1,0.0008
.plots,1,0.0008
.sequential,1,0.0008
.snd,1,0.0008
.stats,1,0.0008
.threaded,1,0.0008
.vf2,1,0.0008
.bst,1,0.0008
.clo,1,0.0008
.sgml,1,0.0008
.gemspec,1,0.0008
.phtml,1,0.0008
.erb,1,0.0008
.g,1,0.0008
.sqlite3,1,0.0008
.gff,1,0.0008
.bed,1,0.0008
.coords,1,0.0008
.output,1,0.0008
.markdown,1,0.0008
.htc,1,0.0008
.m4v,1,0.0008
.ogv,1,0.0008
.cff,1,0.0008
.forget,1,0.0008
.gethi,1,0.0008
.joint,1,0.0008
.sh~,1,0.0008
