full_name,repo_url,executed_at,ref,file_count,unclassified_files,unclassified_pct,content_scanned_files,multi_label_files,collection_files,processing_files,implementation_files,experimentation_files,evaluation_files,dissemination_files,collection_pct,processing_pct,implementation_pct,experimentation_pct,evaluation_pct,dissemination_pct
sashkow/placenta-preeclampsia,https://github.com/sashkow/placenta-preeclampsia,2026-09-30T22:55:16.872166+00:00,master,900,885,98.3333,356,0,0,0,9,1,0,5,0.0,0.0,1.0,0.1111,0.0,0.5556
ci-group/monee,https://github.com/ci-group/monee,2026-09-30T22:57:41.893621+00:00,master,338,249,73.6686,220,0,0,0,88,0,0,1,0.0,0.0,26.0355,0.0,0.0,0.2959
allenai/OpenBookQA,https://github.com/allenai/OpenBookQA,2026-09-28T01:08:14.992041+00:00,main,98,80,81.6327,79,0,5,0,2,6,4,1,5.102,0.0,2.0408,6.1224,4.0816,1.0204
DevSinghSachan/multilingual_nmt,https://github.com/DevSinghSachan/multilingual_nmt,2026-09-29T07:53:01.052276+00:00,master,60,57,95.0,41,0,1,0,1,0,0,1,1.6667,0.0,1.6667,0.0,0.0,1.6667
anthonydn/treateffect,https://github.com/anthonydn/treateffect,2026-09-28T03:06:43.117153+00:00,master,18,18,100.0,6,0,0,0,0,0,0,0,0.0,0.0,0.0,0.0,0.0,0.0
barricklab/LTEE-Ecoli,https://github.com/barricklab/LTEE-Ecoli,2026-09-28T09:09:12.770919+00:00,master,1846,1844,99.8917,15,0,0,0,0,0,0,2,0.0,0.0,0.0,0.0,0.0,0.1083
cbfinn/maml_rl,https://github.com/cbfinn/maml_rl,2026-09-30T22:58:19.208953+00:00,master,406,363,89.4089,321,0,0,4,23,1,0,15,0.0,0.9852,5.665,0.2463,0.0,3.6946
Breakend/ReproducibilityInContinuousPolicyGradientMethods,https://github.com/Breakend/ReproducibilityInContinuousPolicyGradientMethods,2026-09-28T14:11:23.839569+00:00,master,24,23,95.8333,23,0,0,0,0,0,0,1,0.0,0.0,0.0,0.0,0.0,4.1667
anguelos/embedding_map,https://github.com/anguelos/embedding_map,2026-09-28T02:27:45.100015+00:00,master,8,3,37.5,3,1,0,0,2,1,0,3,0.0,0.0,25.0,12.5,0.0,37.5
CBMIWU/Research_Reproducibility,https://github.com/CBMIWU/Research_Reproducibility,2026-09-28T18:10:11.387848+00:00,master,26,24,92.3077,11,0,0,0,0,0,0,2,0.0,0.0,0.0,0.0,0.0,7.6923
bewt85/PySnpSites,https://github.com/bewt85/PySnpSites,2026-09-28T11:07:34.298053+00:00,master,6,5,83.3333,3,0,0,0,0,0,0,1,0.0,0.0,0.0,0.0,0.0,16.6667
dbermbach/web-api-bench,https://github.com/dbermbach/web-api-bench,2026-09-29T07:33:13.317132+00:00,master,25,10,40.0,21,0,0,0,14,0,0,1,0.0,0.0,56.0,0.0,0.0,4.0
akshay-r/autoencoders_dictionaries,https://github.com/akshay-r/autoencoders_dictionaries,2026-09-27T23:06:09.517759+00:00,master,7,6,85.7143,1,0,0,0,0,0,0,1,0.0,0.0,0.0,0.0,0.0,14.2857
cog-imperial/GPdoemd,https://github.com/cog-imperial/GPdoemd,2026-09-28T22:39:03.887852+00:00,master,88,49,55.6818,80,0,0,0,34,0,0,5,0.0,0.0,38.6364,0.0,0.0,5.6818
DanSBS/NGSPower,https://github.com/DanSBS/NGSPower,2026-09-29T07:19:17.714137+00:00,master,17,16,94.1176,9,0,0,0,0,0,0,1,0.0,0.0,0.0,0.0,0.0,5.8824
desire2020/CoT,https://github.com/desire2020/CoT,2026-09-29T07:50:39.443227+00:00,master,10,9,90.0,6,0,0,0,0,0,0,1,0.0,0.0,0.0,0.0,0.0,10.0
aquemy/DPSO_experiments,https://github.com/aquemy/DPSO_experiments,2026-09-28T04:29:36.807764+00:00,master,621,574,92.4316,423,1,0,0,24,22,0,2,0.0,0.0,3.8647,3.5427,0.0,0.3221
AdamByerly/HVCsEnableAGD,https://github.com/AdamByerly/HVCsEnableAGD,2026-09-27T20:15:42.335269+00:00,master,30,28,93.3333,26,0,0,0,0,0,0,2,0.0,0.0,0.0,0.0,0.0,6.6667
BrainsOnBoard/CX_neural_compass_paper,https://github.com/BrainsOnBoard/CX_neural_compass_paper,2026-09-28T14:10:32.932512+00:00,master,439,438,99.7722,19,0,0,0,0,0,0,1,0.0,0.0,0.0,0.0,0.0,0.2278
BobbyBruce1990/DPT-OpenCV,https://github.com/BobbyBruce1990/DPT-OpenCV,2026-09-28T13:11:54.522353+00:00,master,84,82,97.619,18,0,0,0,0,0,0,2,0.0,0.0,0.0,0.0,0.0,2.381
clicumu/pyDOE2,https://github.com/clicumu/pyDOE2,2026-09-28T22:27:00.576691+00:00,master,85,17,20.0,32,0,0,0,1,0,0,67,0.0,0.0,1.1765,0.0,0.0,78.8235
aleju/imgaug,https://github.com/aleju/imgaug,2026-09-27T23:15:13.981195+00:00,master,294,249,84.6939,270,0,0,0,41,0,0,4,0.0,0.0,13.9456,0.0,0.0,1.3605
cristal-smac/atom,https://github.com/cristal-smac/atom,2026-09-29T06:49:38.739703+00:00,master,93,17,18.2796,79,0,0,0,74,0,0,2,0.0,0.0,79.5699,0.0,0.0,2.1505
pandawms/dkb,https://github.com/pandawms/dkb,2026-09-30T22:53:30.885694+00:00,master,609,484,79.4745,220,1,0,0,39,9,1,77,0.0,0.0,6.4039,1.4778,0.1642,12.6437
andreyzhd/MEG2MEG,https://github.com/andreyzhd/MEG2MEG,2026-09-28T02:23:27.130500+00:00,master,53,16,30.1887,38,0,0,0,36,0,0,1,0.0,0.0,67.9245,0.0,0.0,1.8868
abezuglov/ann,https://github.com/abezuglov/ann,2026-09-30T22:53:38.743980+00:00,master,355,355,100.0,29,0,0,0,0,0,0,0,0.0,0.0,0.0,0.0,0.0,0.0
craffel/ff-attention,https://github.com/craffel/ff-attention,2026-09-29T06:44:40.854985+00:00,master,6,4,66.6667,5,0,0,0,0,0,0,2,0.0,0.0,0.0,0.0,0.0,33.3333
BenLangmead/qtip-experiments,https://github.com/BenLangmead/qtip-experiments,2026-09-28T10:13:54.337556+00:00,master,155,42,27.0968,102,7,0,0,1,106,1,12,0.0,0.0,0.6452,68.3871,0.6452,7.7419
DIVERSIFY-project/autojmh-validation-data,https://github.com/DIVERSIFY-project/autojmh-validation-data,2026-09-29T12:12:24.814251+00:00,master,187,31,16.5775,158,25,0,0,153,0,25,3,0.0,0.0,81.8182,0.0,13.369,1.6043
dividiti/gemmbench-adapt16,https://github.com/dividiti/gemmbench-adapt16,2026-09-29T12:11:56.486474+00:00,master,454,450,99.1189,0,0,0,0,0,4,0,0,0.0,0.0,0.0,0.8811,0.0,0.0
cms-outreach/ispy-webgl,https://github.com/cms-outreach/ispy-webgl,2026-09-28T22:32:13.299629+00:00,master,154,151,98.0519,19,0,0,0,2,0,0,1,0.0,0.0,1.2987,0.0,0.0,0.6494
BitSeq/BitSeqVB_benchmarking,https://github.com/BitSeq/BitSeqVB_benchmarking,2026-09-28T12:12:41.604477+00:00,master,39,38,97.4359,28,0,0,0,0,0,0,1,0.0,0.0,0.0,0.0,0.0,2.5641
benjaminhgood/LTEE-metagenomic,https://github.com/benjaminhgood/LTEE-metagenomic,2026-09-28T10:13:13.553867+00:00,master,139,127,91.3669,86,0,1,3,1,0,0,7,0.7194,2.1583,0.7194,0.0,0.0,5.036
asteyven/EDQD-GECCO2018,https://github.com/asteyven/EDQD-GECCO2018,2026-09-28T07:10:39.596919+00:00,master,213,158,74.1784,127,0,0,1,52,0,0,2,0.0,0.4695,24.4131,0.0,0.0,0.939
diglesia/delaIglesiaetal_Data,https://github.com/diglesia/delaIglesiaetal_Data,2026-09-29T08:41:20.060030+00:00,master,16449,16448,99.9939,1,0,0,0,0,0,0,1,0.0,0.0,0.0,0.0,0.0,0.0061
biomachineslab/jbotevolver,https://github.com/biomachineslab/jbotevolver,2026-09-30T22:56:38.165557+00:00,master,343,54,15.7434,315,0,0,0,288,0,0,1,0.0,0.0,83.965,0.0,0.0,0.2915
aravindsrinivas/flowpp,https://github.com/aravindsrinivas/flowpp,2026-09-28T04:30:15.034099+00:00,master,22,17,77.2727,22,0,0,0,0,0,3,2,0.0,0.0,0.0,0.0,13.6364,9.0909
arranger1044/spyn-repr,https://github.com/arranger1044/spyn-repr,2026-09-28T05:17:58.103901+00:00,master,85,71,83.5294,54,0,0,0,13,0,0,1,0.0,0.0,15.2941,0.0,0.0,1.1765
bozakov/sshlauncher,https://github.com/bozakov/sshlauncher,2026-09-28T14:08:56.295039+00:00,master,26,10,38.4615,5,0,0,0,1,0,0,15,0.0,0.0,3.8462,0.0,0.0,57.6923
ciaranm/cp2015-subgraph-isomorphism,https://github.com/ciaranm/cp2015-subgraph-isomorphism,2026-09-28T22:27:41.486722+00:00,master,80392,3400,4.2293,46,1,0,0,19,76918,0,56,0.0,0.0,0.0236,95.6787,0.0,0.0697
crohr/bfire,https://github.com/crohr/bfire,2026-09-29T06:49:42.833311+00:00,master,37,25,67.5676,1,0,0,0,11,0,0,1,0.0,0.0,29.7297,0.0,0.0,2.7027
rakitko/nostra,https://github.com/rakitko/nostra,2026-09-30T22:53:45.586448+00:00,master,76,73,96.0526,23,0,0,0,0,0,0,3,0.0,0.0,0.0,0.0,0.0,3.9474
cclab-brca/ICRG,https://github.com/cclab-brca/ICRG,2026-09-28T18:11:06.053452+00:00,master,2,1,50.0,2,0,0,0,0,0,0,1,0.0,0.0,0.0,0.0,0.0,50.0
cpitclaudel/coq-rst,https://github.com/cpitclaudel/coq-rst,2026-09-29T06:43:41.038016+00:00,master,53,50,94.3396,34,0,0,0,1,0,0,2,0.0,0.0,1.8868,0.0,0.0,3.7736
Britefury/self-ensemble-visual-domain-adapt,https://github.com/Britefury/self-ensemble-visual-domain-adapt,2026-09-28T15:08:04.787716+00:00,master,17,13,76.4706,16,0,0,0,1,2,0,1,0.0,0.0,5.8824,11.7647,0.0,5.8824
delsuc/plasmodesma,https://github.com/delsuc/plasmodesma,2026-09-29T07:45:34.606173+00:00,master,19,18,94.7368,15,0,0,0,0,0,0,1,0.0,0.0,0.0,0.0,0.0,5.2632
DanielPNewman/BlueEnrichedLightRepo,https://github.com/DanielPNewman/BlueEnrichedLightRepo,2026-09-29T07:17:13.333465+00:00,master,111,106,95.4955,13,0,0,0,0,0,0,5,0.0,0.0,0.0,0.0,0.0,4.5045
borjafdezgauna/D-RR-QL-PlosONE,https://github.com/borjafdezgauna/D-RR-QL-PlosONE,2026-09-28T14:07:55.074622+00:00,master,109,104,95.4128,103,0,0,0,0,4,0,1,0.0,0.0,0.0,3.6697,0.0,0.9174
delta-net/datasets,https://github.com/delta-net/datasets,2026-09-29T07:45:35.045116+00:00,master,2,1,50.0,1,0,0,0,0,0,0,1,0.0,0.0,0.0,0.0,0.0,50.0
brentondwalker/MRSperf,https://github.com/brentondwalker/MRSperf,2026-09-28T15:06:29.482225+00:00,master,22,10,45.4545,9,0,0,2,7,0,0,3,0.0,9.0909,31.8182,0.0,0.0,13.6364
chili-epfl/learning-platform,https://github.com/chili-epfl/learning-platform,2026-09-28T21:08:54.005741+00:00,master,132,32,24.2424,32,1,0,0,1,0,0,100,0.0,0.0,0.7576,0.0,0.0,75.7576
ChristopherWilks/snaptron-experiments,https://github.com/ChristopherWilks/snaptron-experiments,2026-09-28T22:08:58.821981+00:00,master,91,84,92.3077,47,0,0,0,5,0,1,1,0.0,0.0,5.4945,0.0,1.0989,1.0989
CINPLA/tracking-plugin,https://github.com/CINPLA/tracking-plugin,2026-09-28T22:22:28.466033+00:00,master,613,606,98.8581,61,0,0,0,6,0,0,1,0.0,0.0,0.9788,0.0,0.0,0.1631
amelentev/lombok-oo,https://github.com/amelentev/lombok-oo,2026-09-28T02:11:12.113297+00:00,operatorOverloading,612,74,12.0915,430,233,0,264,421,6,0,80,0.0,43.1373,68.7908,0.9804,0.0,13.0719
anpar/EE-WCC-MapReduce,https://github.com/anpar/EE-WCC-MapReduce,2026-09-28T02:33:41.180666+00:00,master,8,2,25.0,0,0,0,0,5,0,0,1,0.0,0.0,62.5,0.0,0.0,12.5
benjimor/CaLi,https://github.com/benjimor/CaLi,2026-09-28T10:13:01.786304+00:00,master,33,24,72.7273,29,0,0,0,8,0,0,1,0.0,0.0,24.2424,0.0,0.0,3.0303
avian2/spectrum-sensing-methods,https://github.com/avian2/spectrum-sensing-methods,2026-09-28T08:09:13.056215+00:00,master,24368,24361,99.9713,14,0,0,0,0,0,6,1,0.0,0.0,0.0,0.0,0.0246,0.0041
deezer/MusicGenreTranslation,https://github.com/deezer/MusicGenreTranslation,2026-09-29T07:43:41.014207+00:00,master,36,30,83.3333,34,0,1,0,2,0,0,3,2.7778,0.0,5.5556,0.0,0.0,8.3333
mspeich/forhytm,https://github.com/mspeich/forhytm,2026-09-30T22:55:18.956613+00:00,master,22,21,95.4545,6,0,0,0,0,0,0,1,0.0,0.0,0.0,0.0,0.0,4.5455
CW-Huang/NAF,https://github.com/CW-Huang/NAF,2026-09-29T07:03:33.485952+00:00,master,22,20,90.9091,17,0,1,0,0,0,0,1,4.5455,0.0,0.0,0.0,0.0,4.5455
damonge/CRIME,https://github.com/damonge/CRIME,2026-09-29T07:13:59.648606+00:00,master,49,22,44.898,30,0,0,1,26,0,0,0,0.0,2.0408,53.0612,0.0,0.0,0.0
