directory,count
(root),147
checks,66
scripts,50
include/contrib/LioLib/liogenetics/genetics,33
bin,30
Hose-CoordinatedRL,25
Hose-D-RR-QL-ETraces,25
Hose-DistributedQL,25
articles/migrations,23
rllab/envs/mujoco,23
simulationScripts,23
Hose-TeamQ-ETraces,23
imgaug/augmenters,22
hyperopt,20
vflib/vflib-2.0.6/include,20
articles/management/commands,19
Tracking/Source,18
scripts/analysis,17
static/admin/js,16
include/core/Utilities,16
examples,16
rllab/algos,16
rllab/misc,16
tools,15
articles,14
Storm-Surge/code,14
static/js,13
sandbox/rocky/tf/policies,13
pyDOE2,13
js,13
Analyses Scripts_Matlab,13
static/grappelli/js,12
R,12
Tracking/Source/oscpack/osc,12
maml_examples,11
rllab/envs,11
rllab/mujoco_py,11
imgaug/augmentables,11
cluster_scripts,11
include/ext/World,10
sandbox/rocky/tf/algos,10
Statistics/EnKF-covs,10
utils/python/coqrst/notations,10
Paradigm Files,10
rllab/policies,9
imgaug,9
Utils/Dataflow/pyDKB/common,9
client,9
external_maf,9
static/debug_toolbar/js,8
include/contrib/newscast,8
include/contrib/zsu,8
rllab/distributions,8
rllab/envs/box2d,8
rllab/optimizers,8
GPdoemd/case_studies/analytic,8
GPdoemd/models,8
NGSPower/R,8
matlab,8
Tracking/Source/oscpack/ip,8
static/grappelli/tinymce/jscripts/tiny_mce/plugins/xhtmlxtras/js,7
static/grappelli/tinymce/jscripts/tiny_mce/themes/advanced/js,7
include/contrib/LioLib/lioutilities/lioutils,7
include/core/World,7
icml,7
rllab/core,7
sandbox/rocky/tf/distributions,7
Utils/Dataflow/000_kafka/ru/kiae/dkb/kafka/streams/topology,7
include/contrib/neuralnetworks,7
prj/EDQD/include,7
spn/linked,7
code,7
pycali,7
preeclampsia_db,6
static/grappelli/tinymce/jscripts/tiny_mce/plugins/grappelli/langs,6
static/grappelli/tinymce/jscripts/tiny_mce/plugins/grappelli_contextmenu/langs,6
include/core/Agents,6
include/core/Observers,6
include/core/RoboroboMain,6
rllab/baselines,6
rllab/envs/mujoco/gather,6
rllab/envs/mujoco/maze,6
sandbox/rocky/tf/core,6
RepeatAutomator/objects,6
GPdoemd,6
modifiable_files,6
additional_data/macroscopic_epistasis_simulations/code,6
directedLAD,6
Analyses Scripts_R,6
tag_translation/translators,6
articles/static/js,5
static/assets/js,5
include/ext/Config,5
prj/SimpleShells/include,5
obqa/allennlp_custom/modules/similarity_functions,5
obqa/data/retrieval/knowledge/readers,5
obqa/models/qa/multi_choice,5
rllab/regressors,5
rllab/sampler,5
rllab/spaces,5
rllab/viskit/static/js,5
sandbox/rocky/tf/optimizers,5
sandbox/rocky/tf/regressors,5
inception_v3,5
Utils/Dataflow/000_kafka,5
Utils/Dataflow/pyDKB/dataflow,5
Utils/Dataflow/pyDKB/dataflow/communication/consumer,5
Utils/Dataflow/pyDKB/dataflow/communication/producer,5
Utils/Dataflow/pyDKB/dataflow/communication/stream,5
Utils/Elasticsearch/tools,5
flows,5
sensing,5
tag_translation/kb,5
static/grappelli/tinymce/examples/lists,4
static/grappelli/tinymce/jscripts/tiny_mce/plugins/table/js,4
static/grappelli/tinymce/jscripts/tiny_mce/utils,4
include/contrib/LioLib/lioneuralnet/activationfunctions,4
include/core/WorldModels,4
include/ext/Utils,4
obqa/data/dataset_readers,4
fp16_utils,4
rllab/exploration_strategies,4
sandbox/rocky/tf/envs,4
sandbox/rocky/tf/launchers,4
sandbox/rocky/tf/spaces,4
reproducibility_ML_DDPG/HalfCheetah_Scripts,4
reproducibility_ML_DDPG/Hopper_Scripts,4
reproducibility_ML_DDPG/InvertedPendulum_Scripts,4
reproducibility_ML_DDPG/Walker_Scripts,4
GPdoemd/param_estim,4
Utils/Dataflow/docs4virtuoso/030_PDFAnalyzer,4
trajectory_pvalue_cpp_code,4
prj/TemplateEE/include,4
flows_imagenet,4
cltree,4
spn/theanok,4
pycali/examples/licenses,4
static/django_extensions/js,3
static/grappelli/tinymce/jscripts/tiny_mce,3
static/js/libs,3
include/core/Config,3
obqa/allennlp_custom/nn,3
obqa/common/utils,3
obqa/nn,3
models,3
optimizer,3
contrib/alexbeloi/examples,3
rllab,3
rllab/q_functions,3
rllab/viskit,3
sandbox/rocky/tf/samplers,3
demos/demo_utils,3
GPdoemd/case_studies/ode,3
GPdoemd/marginal,3
hyperopt/pyll,3
imagenet_prep_scripts,3
simple,3
data,3
data/cluster_analysis/data_processing_scripts,3
imgaug/external,3
Utils/Dataflow/000_kafka/ru/kiae/dkb/kafka/connect/external/sink,3
Utils/Dataflow/000_kafka/ru/kiae/dkb/kafka/connect/external/source,3
Utils/Dataflow/000_kafka/ru/kiae/dkb/kafka/streams,3
Utils/Dataflow/data4es/009_oracleConnector,3
Utils/Dataflow/docs4virtuoso/018_PDFDownloader,3
Utils/Dataflow/pyDKB/dataflow/stage,3
Utils/Virtuoso/tools/ttl,3
software/python,3
tools/misc,3
flows_celeba/launchers,3
flows_imagenet/launchers,3
algo,3
spn,3
Generator,3
utils/python/coqrst/repl,3
add_to_spike/plugins,3
pycali/examples,3
pycali/examples/restrictiveness_lattice_of_status,3
pycali/ontologies,3
tag_translation,3
static/admin/js/admin,2
static/admin/js/django_hstore,2
static/admin/js/vendor/jquery,2
static/grappelli/jquery/ui,2
static/grappelli/tinymce/jscripts/tiny_mce/plugins/advhr,2
static/grappelli/tinymce/jscripts/tiny_mce/plugins/advimage,2
static/grappelli/tinymce/jscripts/tiny_mce/plugins/advimage_orig,2
static/grappelli/tinymce/jscripts/tiny_mce/plugins/advlink,2
static/grappelli/tinymce/jscripts/tiny_mce/plugins/advlink_orig,2
static/grappelli/tinymce/jscripts/tiny_mce/plugins/advlist,2
static/grappelli/tinymce/jscripts/tiny_mce/plugins/autolink,2
static/grappelli/tinymce/jscripts/tiny_mce/plugins/autoresize,2
static/grappelli/tinymce/jscripts/tiny_mce/plugins/autosave,2
static/grappelli/tinymce/jscripts/tiny_mce/plugins/bbcode,2
static/grappelli/tinymce/jscripts/tiny_mce/plugins/contextmenu,2
static/grappelli/tinymce/jscripts/tiny_mce/plugins/directionality,2
static/grappelli/tinymce/jscripts/tiny_mce/plugins/emotions,2
static/grappelli/tinymce/jscripts/tiny_mce/plugins/example,2
static/grappelli/tinymce/jscripts/tiny_mce/plugins/example/langs,2
static/grappelli/tinymce/jscripts/tiny_mce/plugins/example_dependency,2
static/grappelli/tinymce/jscripts/tiny_mce/plugins/fullpage,2
static/grappelli/tinymce/jscripts/tiny_mce/plugins/fullscreen,2
static/grappelli/tinymce/jscripts/tiny_mce/plugins/grappelli,2
static/grappelli/tinymce/jscripts/tiny_mce/plugins/grappelli_contextmenu,2
static/grappelli/tinymce/jscripts/tiny_mce/plugins/iespell,2
static/grappelli/tinymce/jscripts/tiny_mce/plugins/inlinepopups,2
static/grappelli/tinymce/jscripts/tiny_mce/plugins/insertdatetime,2
static/grappelli/tinymce/jscripts/tiny_mce/plugins/layer,2
static/grappelli/tinymce/jscripts/tiny_mce/plugins/legacyoutput,2
static/grappelli/tinymce/jscripts/tiny_mce/plugins/lists,2
static/grappelli/tinymce/jscripts/tiny_mce/plugins/media,2
static/grappelli/tinymce/jscripts/tiny_mce/plugins/media/js,2
static/grappelli/tinymce/jscripts/tiny_mce/plugins/media_orig,2
static/grappelli/tinymce/jscripts/tiny_mce/plugins/media_orig/js,2
static/grappelli/tinymce/jscripts/tiny_mce/plugins/nonbreaking,2
static/grappelli/tinymce/jscripts/tiny_mce/plugins/noneditable,2
static/grappelli/tinymce/jscripts/tiny_mce/plugins/pagebreak,2
static/grappelli/tinymce/jscripts/tiny_mce/plugins/paste,2
static/grappelli/tinymce/jscripts/tiny_mce/plugins/paste/js,2
static/grappelli/tinymce/jscripts/tiny_mce/plugins/paste_orig,2
static/grappelli/tinymce/jscripts/tiny_mce/plugins/paste_orig/js,2
static/grappelli/tinymce/jscripts/tiny_mce/plugins/preview,2
static/grappelli/tinymce/jscripts/tiny_mce/plugins/print,2
static/grappelli/tinymce/jscripts/tiny_mce/plugins/save,2
static/grappelli/tinymce/jscripts/tiny_mce/plugins/searchreplace,2
static/grappelli/tinymce/jscripts/tiny_mce/plugins/searchreplace_orig,2
static/grappelli/tinymce/jscripts/tiny_mce/plugins/spellchecker,2
static/grappelli/tinymce/jscripts/tiny_mce/plugins/style,2
static/grappelli/tinymce/jscripts/tiny_mce/plugins/tabfocus,2
static/grappelli/tinymce/jscripts/tiny_mce/plugins/table,2
static/grappelli/tinymce/jscripts/tiny_mce/plugins/template,2
static/grappelli/tinymce/jscripts/tiny_mce/plugins/template_orig,2
static/grappelli/tinymce/jscripts/tiny_mce/plugins/visualblocks,2
static/grappelli/tinymce/jscripts/tiny_mce/plugins/visualchars,2
static/grappelli/tinymce/jscripts/tiny_mce/plugins/wordcount,2
static/grappelli/tinymce/jscripts/tiny_mce/plugins/xhtmlxtras,2
static/grappelli/tinymce/jscripts/tiny_mce/themes/advanced,2
static/grappelli/tinymce/jscripts/tiny_mce/themes/advanced/langs,2
static/grappelli/tinymce/jscripts/tiny_mce/themes/simple,2
include/contrib/LioLib/liobehaviorlib/behaviors,2
include/contrib/LioLib/lioneuralnet/neuralnets,2
include/contrib,2
include/ext/rjh,2
include/ext/WorldModels,2
obqa,2
obqa/allennlp_custom/utils,2
obqa/data/dataset_readers/knowledge,2
obqa/data/retrieval/knowledge,2
obqa/models/entailment,2
obqa/predictors,2
obqa/utils,2
legacy,2
shiny/LTEE-mutations,2
contrib/alexbeloi,2
rllab/plotter,2
sandbox/rocky/tf/misc,2
RepeatAutomator/management,2
demos,2
GPdoemd/kernels,2
GPdoemd/param_covar,2
etc,2
data/2bar_beta_2,2
data/2bar_beta_p5,2
data/pano_beta_2,2
data/pano_beta_p5,2
data/sing_beta_2,2
data/sing_beta_p5,2
data/static_weight_logs/motion_and_position_half_rf,2
Utils/Dataflow/000_kafka/ru/kiae/dkb/kafka/connect/external,2
Utils/Dataflow/000_kafka/ru/kiae/dkb/kafka/streams/processor/external,2
Utils/Dataflow/000_kafka/ru/kiae/dkb/kafka/streams/processor/filter,2
Utils/Dataflow/data4es/019_esFormat,2
Utils/Dataflow/docs4virtuoso/010_glancePapers,2
Utils/Dataflow/docs4virtuoso/055_documents2TTL,2
Utils/Dataflow/pyDKB/atlas,2
Utils/Dataflow/pyDKB/dataflow/communication,2
Utils/Virtuoso/tools,2
Utils/Virtuoso/tools/ttl/DataFromAMI,2
toy_problems,2
tools/scripts,2
Statistics/Fields_long,2
Statistics/NstatioFieldCovs,2
utils/python/coqrst,2
scripts/js,2
winsrc,2
articles/management,1
static/admin/js/vendor/xregexp,1
static/grappelli/jquery,1
static/grappelli/tinymce/jscripts/tiny_mce/langs,1
static/grappelli/tinymce/jscripts/tiny_mce/plugins/advhr/js,1
static/grappelli/tinymce/jscripts/tiny_mce/plugins/advhr/langs,1
static/grappelli/tinymce/jscripts/tiny_mce/plugins/advimage/js,1
static/grappelli/tinymce/jscripts/tiny_mce/plugins/advimage/langs,1
static/grappelli/tinymce/jscripts/tiny_mce/plugins/advimage_orig/js,1
static/grappelli/tinymce/jscripts/tiny_mce/plugins/advimage_orig/langs,1
static/grappelli/tinymce/jscripts/tiny_mce/plugins/advlink/js,1
static/grappelli/tinymce/jscripts/tiny_mce/plugins/advlink/langs,1
static/grappelli/tinymce/jscripts/tiny_mce/plugins/advlink_orig/js,1
static/grappelli/tinymce/jscripts/tiny_mce/plugins/advlink_orig/langs,1
static/grappelli/tinymce/jscripts/tiny_mce/plugins/emotions/js,1
static/grappelli/tinymce/jscripts/tiny_mce/plugins/emotions/langs,1
static/grappelli/tinymce/jscripts/tiny_mce/plugins/example/js,1
static/grappelli/tinymce/jscripts/tiny_mce/plugins/fullpage/js,1
static/grappelli/tinymce/jscripts/tiny_mce/plugins/fullpage/langs,1
static/grappelli/tinymce/jscripts/tiny_mce/plugins/media/langs,1
static/grappelli/tinymce/jscripts/tiny_mce/plugins/media_orig/langs,1
static/grappelli/tinymce/jscripts/tiny_mce/plugins/paste/langs,1
static/grappelli/tinymce/jscripts/tiny_mce/plugins/paste_orig/langs,1
static/grappelli/tinymce/jscripts/tiny_mce/plugins/preview/jscripts,1
static/grappelli/tinymce/jscripts/tiny_mce/plugins/searchreplace/js,1
static/grappelli/tinymce/jscripts/tiny_mce/plugins/searchreplace/langs,1
static/grappelli/tinymce/jscripts/tiny_mce/plugins/searchreplace_orig/js,1
static/grappelli/tinymce/jscripts/tiny_mce/plugins/searchreplace_orig/langs,1
static/grappelli/tinymce/jscripts/tiny_mce/plugins/style/js,1
static/grappelli/tinymce/jscripts/tiny_mce/plugins/style/langs,1
static/grappelli/tinymce/jscripts/tiny_mce/plugins/table/langs,1
static/grappelli/tinymce/jscripts/tiny_mce/plugins/template/js,1
static/grappelli/tinymce/jscripts/tiny_mce/plugins/template/langs,1
static/grappelli/tinymce/jscripts/tiny_mce/plugins/template_orig/js,1
static/grappelli/tinymce/jscripts/tiny_mce/plugins/template_orig/langs,1
static/grappelli/tinymce/jscripts/tiny_mce/plugins/xhtmlxtras/langs,1
static/grappelli/tinymce/jscripts/tiny_mce/themes/simple/langs,1
static/grappelli/tinymce_setup,1
include/core/BehaviorControlArchitectures,1
include/ext/BehaviorControlArchitectures,1
include/ext,1
obqa/allennlp_custom,1
obqa/allennlp_custom/modules,1
obqa/commands,1
obqa/common,1
obqa/data,1
obqa/data/retrieval,1
obqa/models,1
obqa/models/qa,1
shiny/LTEE-transfers,1
contrib,1
rllab/envs/box2d/models,1
sandbox,1
sandbox/rocky,1
sandbox/rocky/tf,1
ddpg_tensorflow,1
GPdoemd/case_studies,1
model_learn,1
dev,1
dist,1
Installation/Docker/AL9,1
Installation/Elasticsearch,1
Installation/OrientDB,1
Utils/API/server,1
Utils/Dataflow/000_kafka/ru/kiae/dkb/kafka/common/external,1
Utils/Dataflow/000_kafka/ru/kiae/dkb/kafka/connect,1
Utils/Dataflow/000_kafka/ru/kiae/dkb/kafka/streams/cli,1
Utils/Dataflow/000_kafka/ru/kiae/dkb/kafka/streams/processor/glance,1
Utils/Dataflow/000_kafka/ru/kiae/dkb/kafka/streams/processor,1
Utils/Dataflow/data4es/016_task2es,1
Utils/Dataflow/data4es/017_adjustMetadata,1
Utils/Dataflow/data4es/025_chicagoES,1
Utils/Dataflow/data4es/040_progress,1
Utils/Dataflow/data4es/069_upload2es,1
Utils/Dataflow/data4es/071_esConsistency,1
Utils/Dataflow/data4es/091_datasetsRucio,1
Utils/Dataflow/data4es/093_datasetsFormat,1
Utils/Dataflow/data4es/095_datasetInfoAMI,1
Utils/Dataflow/docs4virtuoso/015_CDSDocuments,1
Utils/Dataflow/docs4virtuoso/054_docContent2TTL,1
Utils/Dataflow/docs4virtuoso/060_upload2virtuoso,1
Utils/Dataflow,1
Utils/Dataflow/pyDKB,1
Utils/Dataflow/skel,1
simulationScripts/bitseq-scenario,1
simulationScripts/poisson-glm-mix-scenario,1
simulationScripts/random-scenario,1
simulationScripts/rsem-scenario,1
include/core/Controllers,1
prj,1
flows_celeba,1
vflib,1
examples/modules/web/files/monitor,1
sphinx/_static,1
utils/python/coqrst/coqdoc,1
add_to_spike/Algo,1
docker,1
R code,1
data/js_data,1
external_maf/datasets,1
