filename,count
__init__.py,121
editor_plugin.js,47
editor_plugin_src.js,47
en_dlg.js,20
base.py,16
utils.py,12
sml_log_parser.py,8
analyse_corr.py,7
en.js,6
agent.h,6
util.py,5
exceptions.py,5
bootstrap.min.js,4
layers.py,4
trfiles.r,4
agent.cpp,4
auxfunctions.cpp,4
auxfunctions.h,4
globaldefines.h,4
goalreachmodule.cpp,4
goalreachmodule.h,4
griddistances.cpp,4
griddistances.h,4
modularlearner.cpp,4
parametermanager.cpp,4
parametermanager.h,4
qmatrix.cpp,4
qmatrix.h,4
rlmanager.cpp,4
rlmanager.h,4
rlmodule.cpp,4
rlmodule.h,4
stdafx.cpp,4
stdafx.h,4
targetver.h,4
worldstate.cpp,4
worldstate.h,4
jquery.min.js,3
image.js,3
embed.js,3
misc.h,3
sdlmain.h,3
model.py,3
run.sh,3
stage.py,3
statmanager.cpp,3
statmanager.h,3
add_gestational_age.py,2
holder.min.js,2
ie-emulation-modes-warning.js,2
ie10-viewport-bug-workaround.js,2
urls.py,2
bootstrap.js,2
html5.js,2
jquery-1.11.2.min.js,2
respond.min.js,2
advlink.js,2
cs.js,2
de.js,2
fr.js,2
pl.js,2
ru.js,2
media.js,2
pastetext.js,2
pasteword.js,2
searchreplace.js,2
template.js,2
editor_template.js,2
editor_template_src.js,2
func.h,2
properties.h,2
stringutils.h,2
strip.h,2
inspectoragent.h,2
configurationloader.h,2
globalconfigurationloader.h,2
agentobserver.h,2
observer.h,2
worldobserver.h,2
common.h,2
main.h,2
roborobo.h,2
extendedproperties.h,2
logmanager.h,2
timer.h,2
world.h,2
worldmodel.h,2
controller.h,2
config.py,2
app.r,2
point_env.py,2
trpo_cartpole.py,2
trpo_cartpole_recurrent.py,2
batch_polopt.py,2
ddpg.py,2
npo.py,2
trpo.py,2
vpg.py,2
network.py,2
parameterized.py,2
bernoulli.py,2
categorical.py,2
diagonal_gaussian.py,2
recurrent_categorical.py,2
recurrent_diagonal_gaussian.py,2
meta.py,2
tensor_utils.py,2
conjugate_gradient_optimizer.py,2
first_order_optimizer.py,2
lbfgs_optimizer.py,2
penalty_lbfgs_optimizer.py,2
categorical_gru_policy.py,2
categorical_mlp_policy.py,2
gaussian_gru_policy.py,2
gaussian_mlp_policy.py,2
uniform_control_policy.py,2
categorical_mlp_regressor.py,2
gaussian_mlp_regressor.py,2
box.py,2
discrete.py,2
product.py,2
plot_results.py,2
model_hvc.py,2
output.py,2
install.sh,2
misc.py,2
types.py,2
fit.py,2
main.cpp,2
stats.hpp,2
logistic.py,2
mnist.py,2
spn.py,2
est_crf_timser.r,2
sane.py,2
admin.py,1
apps.py,1
export.py,1
forms.py,1
getdata.py,1
add_e-geod-10588.py,1
add_e-geod-14722.py,1
add_e-geod-35574.py,1
add_e-geod-41336.py,1
add_e-geod-44667.py,1
add_e-geod-54618.py,1
add_e-geod-59274.py,1
add_e-geod-60438.py,1
add_e-geod-73377.py,1
add_e-geod-74341.py,1
add_e-tabm-682.py,1
del_records.py,1
expstodb.py,1
remove_duplicates.py,1
replace_csection.py,1
use_getdata.py,1
use_queries.py,1
0001_initial.py,1
0003_auto_20160830_1650.py,1
0004_auto_20160830_1724.py,1
0005_auto_20160830_2314.py,1
0006_auto_20160831_1753.py,1
0007_auto_20160831_1901.py,1
0008_auto_20160906_1412.py,1
0009_auto_20160906_1510.py,1
0010_sample_fictional_field.py,1
0011_auto_20160907_2247.py,1
0012_auto_20160908_1230.py,1
0013_auto_20160908_1238.py,1
0014_auto_20160912_2245.py,1
0015_auto_20160913_0535.py,1
0016_unificatedsamplesattributename_synonyms.py,1
0017_auto_20160913_1707.py,1
0018_auto_20160913_1942.py,1
0019_historicalexperiment.py,1
0020_auto_20161015_2248.py,1
0021_columnorder.py,1
0022_auto_20170114_2303.py,1
0023_columnorder_show_at_all.py,1
models.py,1
plots.py,1
queries.py,1
retrievedata.py,1
tables.py,1
views.py,1
manage.py,1
settings.py,1
settings_db.py,1
settings_sql.py,1
wsgi.py,1
actions.js,1
actions.min.js,1
datetimeshortcuts.js,1
relatedobjectlookups.js,1
autocomplete-fk-edit-link.js,1
calendar.js,1
collapse.js,1
collapse.min.js,1
core.js,1
hstore-widget.js,1
underscore-min.js,1
inlines.js,1
inlines.min.js,1
jquery.init.js,1
prepopulate.js,1
prepopulate.min.js,1
selectbox.js,1
selectfilter2.js,1
timeparse.js,1
urlify.js,1
jquery.js,1
xregexp.min.js,1
jquery_existing.js,1
jquery_post.js,1
jquery_pre.js,1
toolbar.js,1
toolbar.profiling.js,1
toolbar.sql.js,1
toolbar.template.js,1
toolbar.timer.js,1
jquery.ajaxqueue.js,1
jquery.autocomplete.js,1
jquery.bgiframe.js,1
jquery-2.1.4.min.js,1
jquery-ui.js,1
jquery-ui.min.js,1
grappelli.js,1
grappelli.min.js,1
jquery.grp_autocomplete_fk.js,1
jquery.grp_autocomplete_generic.js,1
jquery.grp_autocomplete_m2m.js,1
jquery.grp_collapsible.js,1
jquery.grp_collapsible_group.js,1
jquery.grp_inline.js,1
jquery.grp_related_fk.js,1
jquery.grp_related_generic.js,1
jquery.grp_related_m2m.js,1
jquery.grp_timepicker.js,1
image_list.js,1
link_list.js,1
media_list.js,1
template_list.js,1
rule.js,1
emotions.js,1
dialog.js,1
fullpage.js,1
props.js,1
cell.js,1
merge_cells.js,1
row.js,1
table.js,1
abbr.js,1
acronym.js,1
attributes.js,1
cite.js,1
del.js,1
element_common.js,1
ins.js,1
about.js,1
anchor.js,1
charmap.js,1
color_picker.js,1
link.js,1
source_editor.js,1
tiny_mce.js,1
tiny_mce_popup.js,1
tiny_mce_src.js,1
editable_selects.js,1
form_utils.js,1
mctabs.js,1
validate.js,1
tinymce_setup.js,1
filtersearch.js,1
jquery-3.1.1.slim.min.js,1
jquery-2.1.1.min.js,1
less-1.2.1.min.js,1
modernizr-2.6.2-respond-1.1.0.min.js,1
plugins.js,1
tether.min.js,1
perceptronbehavior.h,1
wallavoidancebehavior.h,1
averagingcrossover.h,1
balancefitnesswebots.h,1
chasing.h,1
collectiveforaging.h,1
collectivepatrolling.h,1
completemutator.h,1
definitions.h,1
dominancecompare.h,1
emeans.h,1
energycollection.h,1
esrealmutation.h,1
evolver.h,1
fastforwardwithbattery.h,1
fixedlinearchromosome.h,1
geneticconfig.h,1
genome.h,1
lognormalsigma.h,1
mutationrates.h,1
neuralnetgenome.h,1
obstacleavoidancefitnessd3d.h,1
obstacleavoidancefitnessplayerstage.h,1
obstacleavoidancefitnesswebots.h,1
onepointcrossover.h,1
phototaxis.h,1
pointmutator.h,1
randominitialiser.h,1
realmutation.h,1
seedinitializer.h,1
spherefitness.h,1
statevector.h,1
structuredgene.h,1
tournamentselection.h,1
uniformcrossover.h,1
activationfunctionlinear.h,1
activationfunctionpiecewiselineartanh.h,1
activationfunctionsigmoid.h,1
activationfunctiontanh.h,1
multilayeredperceptron.h,1
simpleperceptron.h,1
assert.h,1
bounds.h,1
fixed32.h,1
lio_global.h,1
lioutilities.h,1
mathlib.h,1
hivemindinstance.h,1
newscastagent.h,1
newscastagentgroup.h,1
newscastinstance.h,1
newscontent.h,1
newsitem.h,1
populationcontrolarchitecture.h,1
populationmember.h,1
organism.h,1
sdl_collide.h,1
robotagent.h,1
behaviorcontrolarchitecture.h,1
sdl_gfxprimitives.h,1
sdl_gfxprimitives_font.h,1
sdl_gfxprimitivesextra.h,1
sdl_gfxroborobo.h,1
robotagentworldinterface.h,1
robotagentworldmodel.h,1
perceptronbehaviorcontrolarchitecture.h,1
propertiesreadingconfigurationloader.h,1
simpleshellsconfigurationloader.h,1
rangesensor.h,1
differentialcontrolarchitecture.h,1
evolutionarycontrolarchitecture.h,1
neuralcontroller.h,1
rand.h,1
util.h,1
puck.h,1
puckgen.h,1
robotagentworldinterfacedangerworld.h,1
evolvingrobotagentworldmodel.h,1
evolvingrobotagentworldmodeldangerworld.h,1
._simpleshellsagentworldmodel.h,1
simpleshellsagentobserver.h,1
simpleshellsagentworldmodel.h,1
simpleshellscontrolarchitecture.h,1
simpleshellsworldobserver.h,1
run_gprof.sh,1
run_valgrind.sh,1
ages.sh,1
analyse-pressure.sh,1
analyse-single.sh,1
analyse.sh,1
calc_ratios.sh,1
collisions.sh,1
count-inseminations.sh,1
count-offspring.sh,1
counts.sh,1
make-plots.sh,1
plot-hexbin-puckcounts.sh,1
plot-premium-impacts.sh,1
plot-specialisation.sh,1
puck_totals.sh,1
pucks-vs-age.sh,1
pucks.sh,1
selective-pressure.sh,1
monee.sh,1
run_monee.sh,1
submit.sh,1
sdlmain.m,1
linear_extended.py,1
linear_extended_feedforward.py,1
linear_transform_sum_repr_combination.py,1
weighted_sum_repr_combination.py,1
variational_dropout.py,1
common_utils.py,1
jsonnet.py,1
numpy.py,1
arc_multichoice_json_reader.py,1
arc_multichoice_with_facts_text_json_reader_multi_source.py,1
common.py,1
rank_reader_flatchoices.py,1
rank_knowledge_for_mc_qa.py,1
reader_arc_qa_question_choice_facts.py,1
reader_gold_facts_arc_mc_qa.py,1
simple_reader_arc_qa_question_choice.py,1
simple_reader_knowledge_flexible.py,1
stacked_nn_aggregate_custom.py,1
qa_multi_choice_esim.py,1
qa_multi_choice_know_reader_v1.py,1
qa_multi_choice_max_att.py,1
qa_multi_choice_one_vs_rest_choices_v1.py,1
knowledge.py,1
predictor_qa_mc_with_know_visualize.py,1
run.py,1
processing_utils.py,1
retrieve_everything.sh,1
install_requirements.sh,1
show_everything_results.sh,1
aristo_eval_json_compare_multiple_outputs.py,1
aristo_eval_json_compare_multiple_outputs.sh,1
config_transform_standalone.py,1
merge_metrics_files.py,1
predictions_to_aristo_eval_json.py,1
train_everything.sh,1
convert.py,1
data_parallel.py,1
data_statistics.py,1
evaluator.py,1
exp_moving_avg.py,1
expert_utils.py,1
fp16_opt.py,1
fp16util.py,1
loss_scaler.py,1
general_utils.py,1
langshare.py,1
transformer_langshare.py,1
multitasknmt.py,1
transformer.py,1
multi_exp.py,1
multi_translate.py,1
noam.py,1
yogi.py,1
paramsearch.py,1
preprocess.py,1
search_strategy.py,1
ted_reader.py,1
bpe_pipeline_bilingual.sh,1
bpe_pipeline_en_vi_iwslt2015.sh,1
bpe_pipeline_fully_shared_multilingual.sh,1
bpe_pipeline_mt.sh,1
bpe_translate_en_vi.sh,1
bpe_translate_m2o.sh,1
bpe_translate_o2m.sh,1
bpe_translate_wmt_en_de.sh,1
get_vocab.py,1
train.py,1
translate.py,1
comp_functions.r,1
plot.te.r,1
plotdiff.r,1
plotrr.r,1
simulate_te_data.r,1
treateffect.r,1
batch_run.pl,1
breseq.sh,1
common.sh,1
gd_to_csv_for_brefito.py,1
gd_to_tsv_for_shiny.pl,1
gd_to_tsv_for_shiny.sh,1
ltee264_genome_coverage.r,1
ltee264_mutational_spectrum.r,1
plate_photo_commands.sh,1
population.sh,1
rename_plate_photos.pl,1
stitch_plate_photos.py,1
summary.sh,1
tree_utils.pl,1
rohan-write-csv.py,1
trpois_cartpole.py,1
vpgis_cartpole.py,1
is_sampler.py,1
cluster_demo.py,1
cluster_gym_mujoco_demo.py,1
ddpg_cartpole_stub.py,1
nop_cartpole.py,1
trpo_cartpole_stub.py,1
trpo_gym.py,1
vpg_1.py,1
vpg_2.py,1
vpg_point.py,1
vpg_swimmer.py,1
make_ant_plots.py,1
make_antdirec_plots.py,1
make_cheetah_interp_plots.py,1
make_cheetah_plots.py,1
make_cheetahdirec_plots.py,1
make_paths_plot.py,1
make_point_plots.py,1
cluster_maml_trpo_ant.py,1
cluster_maml_trpo_cheetah.py,1
cluster_trpo_ant.py,1
cluster_trpo_cheetah.py,1
maml_trpo_4state.py,1
maml_trpo_point.py,1
point_env_rand2goal.py,1
point_env_randgoal.py,1
point_env_randgoal_oracle.py,1
trpo_point.py,1
cem.py,1
cma_es.py,1
cma_es_lib.py,1
erwr.py,1
nop.py,1
ppo.py,1
reps.py,1
tnpg.py,1
gaussian_conv_baseline.py,1
gaussian_mlp_baseline.py,1
linear_feature_baseline.py,1
zero_baseline.py,1
config_personal_template.py,1
lasagne_helpers.py,1
lasagne_layers.py,1
lasagne_powered.py,1
serializable.py,1
delta.py,1
box2d_env.py,1
box2d_viewer.py,1
car_parking_env.py,1
cartpole_env.py,1
cartpole_swingup_env.py,1
double_pendulum_env.py,1
car_parking.xml.rb,1
mountain_car_env.py,1
env_spec.py,1
grid_world_env.py,1
grid_world_env_rand.py,1
gym_env.py,1
identification_env.py,1
ant_env.py,1
ant_env_direc_oracle.py,1
ant_env_oracle.py,1
ant_env_rand.py,1
ant_env_rand_direc.py,1
ant_env_rand_goal.py,1
ant_env_rand_goal_oracle.py,1
ant_gather_env.py,1
embedded_viewer.py,1
gather_env.py,1
point_gather_env.py,1
swimmer_gather_env.py,1
half_cheetah_env.py,1
half_cheetah_env_direc_oracle.py,1
half_cheetah_env_oracle.py,1
half_cheetah_env_rand.py,1
half_cheetah_env_rand_direc.py,1
hopper_env.py,1
humanoid_env.py,1
inverted_double_pendulum_env.py,1
ant_maze_env.py,1
maze_env.py,1
maze_env_utils.py,1
point_maze_env.py,1
swimmer_maze_env.py,1
mujoco_env.py,1
simple_humanoid_env.py,1
swimmer_env.py,1
swimmer_randgoal_env.py,1
swimmer_randgoal_oracle_env.py,1
walker2d_env.py,1
noisy_env.py,1
normalized_env.py,1
proxy_env.py,1
sliding_mem_env.py,1
gaussian_strategy.py,1
ou_strategy.py,1
autoargs.py,1
console.py,1
ext.py,1
instrument.py,1
krylov.py,1
logger.py,1
mako_utils.py,1
nb_utils.py,1
overrides.py,1
resolve.py,1
special.py,1
tabulate.py,1
viewer2d.py,1
codegen.rb,1
gen_binding.sh,1
glfw.py,1
mjconstants.py,1
mjcore.py,1
mjextra.py,1
mjlib.py,1
mjtypes.py,1
mjviewer.py,1
hessian_free_optimizer.py,1
hf.py,1
minibatch_dataset.py,1
plotter.py,1
categorical_conv_policy.py,1
deterministic_mlp_policy.py,1
continuous_mlp_q_function.py,1
gaussian_conv_regressor.py,1
product_regressor.py,1
parallel_sampler.py,1
stateful_pool.py,1
core.py,1
frontend.py,1
dropdowns-enhancement.js,1
jquery-1.10.2.min.js,1
jquery.loadtemplate-1.5.6.js,1
plotly-latest.min.js,1
batch_maml_polopt.py,1
maml_npo.py,1
maml_trpo.py,1
maml_vpg.py,1
npg.py,1
layers_powered.py,1
parallel_vec_env_executor.py,1
vec_env_executor.py,1
vpg_cartpole.py,1
categorical_lstm_policy.py,1
gaussian_lstm_policy.py,1
maml_minimal_categorical_mlp_policy.py,1
maml_minimal_gauss_mlp_policy.py,1
minimal_categorical_mlp_policy.py,1
minimal_gauss_mlp_policy.py,1
bernoulli_mlp_regressor.py,1
deterministic_mlp_regressor.py,1
batch_sampler.py,1
vectorized_sampler.py,1
resume_training.py,1
setup_ec2_for_rllab.py,1
setup_linux.sh,1
setup_mujoco.sh,1
setup_osx.sh,1
sim_env.py,1
sim_policy.py,1
submit_gym.py,1
sync_s3.py,1
ave_results.py,1
from_same_dist.py,1
run_ddpg_halfcheetah_batch_size.py,1
run_ddpg_halfcheetah_learning_rates.py,1
run_ddpg_halfcheetah_network_structure.py,1
run_ddpg_halfcheetah_reward_scale.py,1
run_ddpg_hopper_batch_size.py,1
run_ddpg_hopper_learning_rates.py,1
run_ddpg_hopper_network_structure.py,1
run_ddpg_hopper_reward_scale.py,1
run_ddpg_invpendulum_batch_size.py,1
run_ddpg_invpendulum_learning_rates.py,1
run_ddpg_invpendulum_network_structure.py,1
run_ddpg_invpendulum_reward_scale.py,1
run_ddpg_walker_batch_size.py,1
run_ddpg_walker_learning_rates.py,1
run_ddpg_walker_network_structure.py,1
run_ddpg_walker_reward_scale.py,1
run_trpo.py,1
sampling_utils.py,1
executer.py,1
query_redcap.py,1
article.py,1
articleextractor.py,1
articlemanager.py,1
databasemanager.py,1
trainer.py,1
xmlextractor.py,1
random_fasta.py,1
snp_sites.py,1
data_generation.m,1
grad.m,1
grad_descent.m,1
initialize_w.m,1
initialize_w_random.m,1
simulation.m,1
case_study.py,1
case_study_graphics.py,1
design_criteria_graphics.py,1
__version__.py,1
bff1983.py,1
bffc1990a.py,1
bffeh1984.py,1
mixing.py,1
msm2010.py,1
ssqbnp2006.py,1
vthr2014linear.py,1
tandogan2017.py,1
vthr2014ode.py,1
design_criteria.py,1
discrimination_criteria.py,1
stationary.py,1
taylor_first_order.py,1
taylor_second_order.py,1
analytic_model.py,1
gp_grief_model.py,1
gp_model.py,1
numerical_model.py,1
sparse_gp_model.py,1
surrogate_model.py,1
laplace_approximation.py,1
diff_evol.py,1
least_squares.py,1
param_estim.py,1
transform.py,1
allplots.r,1
analysis99to1.r,1
analysis_50_50_mod.r,1
analysis_50_50_weak.r,1
analysis_99_1_mod.r,1
analysis_99_1_weak.r,1
makedata50to50.r,1
makedata99to1.r,1
cot.py,1
dataloader.py,1
generator.py,1
mediator.py,1
target_lstm.py,1
algobase.py,1
anneal.py,1
criteria.py,1
fmin.py,1
graphviz.py,1
hp.py,1
ipy.py,1
mix.py,1
mongoexp.py,1
plotting.py,1
stochastic.py,1
pyll_utils.py,1
rand.py,1
rdists.py,1
std_out_err_redirect_tqdm.py,1
tpe.py,1
vectorize.py,1
scenario_generator.py,1
cnn_helpers.py,1
count_vars.py,1
homogeneous_vector_capsule_demo.py,1
build_imagenet_data.py,1
gen_train_bboxes.py,1
reorg_validation_data.py,1
batch_norm.py,1
lsr_loss.py,1
input_sieve.py,1
train_inception_v3_baseline_1.py,1
train_inception_v3_baseline_2.py,1
train_inception_v3_baseline_w_adam.py,1
train_inception_v3_hvc_decaying.py,1
train_inception_v3_hvc_defaults.py,1
train_simple.py,1
train_simple_hvc.py,1
analyse_mean_and_sd.m,1
analyse_ring.py,1
cluster_data.py,1
non_param_analysis_of_learning.m,1
batch_bee.sh,1
classify_images.cpp,1
deepparametertuning.java,1
deepparametertuning_100ind_100gen_evolutionary.java,1
deepparametertuning_100ind_100gen_systematic.java,1
deepparametertuning_100ind_10gen_evolutionary.java,1
deepparametertuning_100ind_10gen_sytematic.java,1
get_95_confidence_lower.r,1
get_95_confidence_upper.r,1
cascadedetect.cpp,1
cascadedetect.hpp,1
cascadedetect_exposed.cpp,1
cascadedetect_exposed.hpp,1
replace_integer.pl,1
replaces.hpp,1
build_regression_matrix.py,1
doe_box_behnken.py,1
doe_composite.py,1
doe_factorial.py,1
doe_fold.py,1
doe_gsd.py,1
doe_lhs.py,1
doe_plackett_burman.py,1
doe_repeat_center.py,1
doe_star.py,1
doe_union.py,1
var_regression_matrix.py,1
check_add_to_hue_and_saturation.py,1
check_affine.py,1
check_affinecv2.py,1
check_average_blur.py,1
check_background_augmentation.py,1
check_bb_augmentation.py,1
check_bilateral_blur.py,1
check_blendalphasegmapclassids.py,1
check_blendalphasomecolors.py,1
check_brightness.py,1
check_canny.py,1
check_cartoon.py,1
check_channel_shuffle.py,1
check_clouds.py,1
check_color_temperature.py,1
check_contrast.py,1
check_crop_and_pad.py,1
check_cutout.py,1
check_deprecation_warning.py,1
check_directed_edge_detect.py,1
check_elastic_transformation.py,1
check_fast_snowy_landscape.py,1
check_fixed_size.py,1
check_flip_performance.py,1
check_fog.py,1
check_heatmaps.py,1
check_impulse_noise.py,1
check_imshow.py,1
check_jigsaw.py,1
check_jpeg_compression.py,1
check_kmeans_color_quantization.py,1
check_laplace_noise.py,1
check_mean_shift_blur.py,1
check_median_blur.py,1
check_motion_blur.py,1
check_multicore_pool.py,1
check_multiply_hue_and_saturation.py,1
check_noise.py,1
check_parameters.py,1
check_performance.py,1
check_perspective_transform.py,1
check_piecewise_affine.py,1
check_poisson_noise.py,1
check_polygons_stay_valid_during_augmentation.py,1
check_pooling.py,1
check_quantize_uniform_to_n_bits.py,1
check_rain.py,1
check_randaugment.py,1
check_readme_examples.py,1
check_remove_saturation.py,1
check_resize.py,1
check_rot90.py,1
check_seed.py,1
check_segmentation_maps.py,1
check_single_image_warning.py,1
check_snowflakes.py,1
check_snowflakes_layer.py,1
check_solarize.py,1
check_some_of.py,1
check_superpixels.py,1
check_uniform_color_quantization.py,1
check_visually.py,1
check_voronoi.py,1
check_with_hue_and_saturation.py,1
check_withchannels.py,1
check_withcolorspace.py,1
batches.py,1
bbs.py,1
heatmaps.py,1
kps.py,1
lines.py,1
normalization.py,1
polys.py,1
segmaps.py,1
arithmetic.py,1
artistic.py,1
blend.py,1
blur.py,1
collections.py,1
color.py,1
contrast.py,1
convolutional.py,1
debug.py,1
edges.py,1
flip.py,1
geometric.py,1
imgcorruptlike.py,1
overlay.py,1
pillike.py,1
pooling.py,1
segmentation.py,1
size.py,1
weather.py,1
data.py,1
dtypes.py,1
opensimplex.py,1
poly_point_isect_py2py3.py,1
imgaug.py,1
multicore.py,1
parameters.py,1
random.py,1
testutils.py,1
validation.py,1
tutorial.java,1
httpclient.py,1
setup.sh,1
compile.sh,1
externalprocesslogger.java,1
externalsinkconnector.java,1
externalsourceconnector.java,1
externalprocesswriter.java,1
externalsinkconfig.java,1
externalsinktask.java,1
externalprocessquerier.java,1
externalsourceconfig.java,1
externalsourcetask.java,1
runpipeconnector.java,1
streamsapplication.java,1
csv2ttlprocessor.java,1
externalprocessorconfig.java,1
externalprocessorsupplier.java,1
filterprocessorconfig.java,1
keyfilterprocessorsupplier.java,1
glanceprocessorsupplier.java,1
processorconfig.java,1
runexternalprocessor.java,1
runglanceprocessor.java,1
configuredtopologybuilder.java,1
processornodeconfig.java,1
sinknodeconfig.java,1
sourcenodeconfig.java,1
statestoreconfig.java,1
topologyconfig.java,1
topologynodeconfig.java,1
run-class.sh,1
runexternalprocessor.sh,1
runstreamsapplication.sh,1
dbconnection.py,1
offsetstorage.py,1
oracle2json.py,1
task2es.py,1
adjustmetadata.py,1
esformat.php,1
load_data.sh,1
consistency.py,1
datasets_processing.py,1
datasets_format.py,1
amidatasets.py,1
papersfromglance.py,1
papersfromglance.sh,1
getcdsdocuments.py,1
getpdffromcds.py,1
kerberos_init.sh,1
transferpdf.sh,1
flow.py,1
manager.py,1
pdfwork.py,1
xmltable.py,1
doccontent2ttl.py,1
documents2ttl.py,1
uploadttl.sh,1
pydkb-setup.py,1
custom_readline.py,1
hdfs.py,1
json_utils.py,1
loggableobject.py,1
type.py,1
cds.py,1
consumer.py,1
fileconsumer.py,1
hdfsconsumer.py,1
streamconsumer.py,1
messages.py,1
fileproducer.py,1
hdfsproducer.py,1
producer.py,1
streamproducer.py,1
inputstream.py,1
outputstream.py,1
stream.py,1
dkbid.py,1
abstractstage.py,1
processorstage.py,1
drop_index.sh,1
load_mapping.sh,1
reindex.sh,1
search.sh,1
tunnel.sh,1
create_graph.sh,1
load_ontology.sh,1
getdataperiods_ami.py,1
getrunnumbersfromami.py,1
dataperiods2ttl.py,1
proj2ttl.py,1
projects2ttl.py,1
channelns.m,1
comp_tstamps_2.m,1
filename.m,1
loadmeg_findaud.m,1
nearest_ind.m,1
nearest_smaller_ind.m,1
sync_meg.m,1
zerocross.m,1
feedforward_three_layers.py,1
feedforward_two_layers.py,1
ilt_aux_model.py,1
ilt_default_feed.py,1
ilt_density.py,1
ilt_multi_gpu_feed.py,1
ilt_one_layer.py,1
ilt_sep_two_layers.py,1
ilt_three_layers.py,1
ilt_two_layers.py,1
load_datasets.py,1
lstm_loaddatasets.py,1
lstm_model.py,1
tensorboard.sh,1
fixed_length_experiments.py,1
variable_length_experiments.py,1
art_convert.py,1
fastq_interleave.py,1
mason_convert.py,1
clean.sh,1
setup_pypy.sh,1
setup_python.sh,1
eslint.config.js,1
animate.js,1
config.js,1
controls.js,1
display.js,1
files-load.js,1
ispy-state.js,1
ispy.js,1
objects-add.js,1
objects-config.js,1
objects-draw.js,1
setup.js,1
three-imports.js,1
tree-view.js,1
vite.config.js,1
casper.r,1
caspernames.r,1
commands.sh,1
criteria.r,1
cufflinksnames.r,1
generate-known-fa-files.sh,1
getresults.r,1
gettranscriptnames.r,1
rsemnames.r,1
sailfishnames.r,1
set-path-variable.sh,1
shufflereadstmp.sh,1
tigarnames.r,1
withingenebitseq.r,1
withingenecasper.r,1
withingenecufflinks.r,1
withingeneplots.r,1
withingenersem.r,1
withingenesailfish.r,1
withingenetigar.r,1
withingenevb.r,1
withingenexpress.r,1
xpressnames.r,1
clone.hpp,1
dfe.hpp,1
object_pool.hpp,1
calculate_clade_hmm_wrapper.py,1
calculate_convergence_matrices.py,1
calculate_parallel_genes_table.py,1
calculate_well_mixed_hmm_wrapper.py,1
call_indels.py,1
cbcm.py,1
archive_scripts.sh,1
breseq_genomes.sh,1
check_fastq_files.sh,1
create_breseq_timecourse.py,1
create_distributed_timecourse.sh,1
create_merged_timecourse.sh,1
create_timecourse.py,1
merge_candidate_junctions.sh,1
population_parameters.py,1
rebreseq_genomes.sh,1
trim_adapters.sh,1
combined_annotate_timecourse.py,1
create_supplementary_tables.py,1
figure_utils.py,1
filter_snps_and_calculate_depth.py,1
generate_all_figures.py,1
generate_biosample_metadata.py,1
generate_sra_metadata.py,1
mutation_spectrum_utils.py,1
plot_allele_multiplicity.py,1
plot_clade_figure.py,1
plot_clone_clade_verification.py,1
plot_contingency_figure.py,1
plot_depth_distribution.py,1
plot_dnds.py,1
plot_full_trafic_plot_figure.py,1
plot_gene_vs_operon.py,1
plot_m2_clade_figure.py,1
plot_majority_minority_comparison.py,1
plot_parallel_gene_timecourses.py,1
plot_parallelism_figure.py,1
plot_parallelism_figure_080817.py,1
plot_rate_figure.py,1
plot_temporal_multiplicity.py,1
plot_timecourse.py,1
plot_trajectory.py,1
plot_vartype_times.py,1
plot_well_mixed_hmm_validation.py,1
plot_within_clade_dynamics_figure.py,1
run_forward_time_simulations.py,1
stats_utils.py,1
timecourse_utils.py,1
pvalue.hpp,1
trajectory.hpp,1
uniform_prior_calculate_haplotypes.py,1
uniform_prior_well_mixed_hmm.py,1
elman.h,1
layeredneuralnetwork.h,1
mlp.h,1
neuralnetwork.h,1
neuralnetworkexception.h,1
perceptron.h,1
reservoirneuralnetwork.h,1
robot.h,1
geometry.h,1
graphics.h,1
circleobject.h,1
physicalobject.h,1
physicalobjectgroup.h,1
squareobject.h,1
robotworldmodel.h,1
edqdconfigurationloader.h,1
templateeeconfigurationloader.h,1
energyitem.h,1
gateobject.h,1
landmarkobject.h,1
movableobject.h,1
physicalobjectfactory.h,1
roundobject.h,1
switchobject.h,1
clone_project.py,1
edqdagentobserver.h,1
edqdcontroller.h,1
edqdmap.h,1
edqdrobot.h,1
edqdrobotworldmodel.h,1
edqdshareddata.h,1
edqdworldobserver.h,1
templateeeagentobserver.h,1
templateeecontroller.h,1
templateeeshareddata.h,1
templateeeworldobserver.h,1
replicate.py,1
gaussianbenchmarks.cpp,1
random.cpp,1
randombenchmarks.cpp,1
multiplot.py,1
mylib.py,1
flow_training.py,1
flows.py,1
run_cifar.py,1
flow_training_celeba.py,1
celeba128_5bit_official.py,1
celeba64_3bit_official.py,1
celeba64_5bit_official.py,1
create_imagenet_benchmark_datasets.py,1
flow_training_imagenet.py,1
imagenet32_official.py,1
imagenet64_5bit_official.py,1
imagenet64_official.py,1
dataslice.py,1
learnspn.py,1
classify_repr_exp.py,1
eval_spn.py,1
feature_split.py,1
filter_feature_repr.py,1
learnspn_exp.py,1
libra_repr_data.py,1
marg_feature_gen.py,1
merge_repr.py,1
mtlearn_exp.py,1
rbm_repr_data.py,1
spn_repr_data.py,1
theanok_benchmark.py,1
visualize_spn.py,1
caltech101.py,1
cltree.py,1
probs.py,1
dataset.py,1
ocr_letters.py,1
scopes.py,1
factory.py,1
learning.py,1
nodes.py,1
representation.py,1
weight_learning.py,1
initializations.py,1
visualize.py,1
mkdist.sh,1
sshctrl.py,1
bit_graph.cc,1
degree_sort.cc,1
graph.cc,1
lad.cc,1
sequential.cc,1
solve_subgraph_isomorphism.cc,1
threaded.cc,1
alldiff.c,1
compatibility.c,1
domains.c,1
graph.c,1
lad.c,1
main.c,1
solve_vf.cc,1
allocpool.h,1
argedit.h,1
argloader.h,1
argraph.h,1
dict.h,1
error.h,1
gene.h,1
gene_mesh.h,1
match.h,1
sd_state.h,1
state.h,1
ull_state.h,1
ull_sub_state.h,1
vf2_mono_state.h,1
vf2_state.h,1
vf2_sub_state.h,1
vf_mono_state.h,1
vf_state.h,1
vf_sub_state.h,1
xsubgraph.h,1
elasticity.rb,1
app.rb,1
simple.rb,1
functions_0.6.r,1
generate_fields.r,1
generate_fields_functions.cpp,1
cov2varcor.r,1
create_locmx.r,1
examenkfcovs.r,1
examenkffld.r,1
fft_rspe_rearrange.r,1
functions_prior.r,1
gaspari.r,1
mx_fft.r,1
mx_fft_rspe_rearrange.r,1
ndiag.r,1
exam_fields_long.r,1
examdsmoutput.r,1
notations.js,1
coqdomain.py,1
fontsupport.py,1
html.py,1
parsing.py,1
plain.py,1
regexp.py,1
sphinx.py,1
tacticnotationslexer.py,1
tacticnotationsparser.py,1
tacticnotationsvisitor.py,1
ansicolors.py,1
coqtop.py,1
augmentation.py,1
batch_search_exp.sh,1
batch_search_exp_sup.sh,1
cmdline_helpers.py,1
data_loaders.py,1
domain_datasets.py,1
network_architectures.py,1
optim_weight_ema.py,1
plot_samples.py,1
prepare_gtsrb.py,1
prepare_synsigns.py,1
standardisation.py,1
bucketing-plasmodesma.py,1
palma.py,1
bruker_report.py,1
bucketutilities.py,1
plasmodesma.py,1
plasmodesma_v6_2.py,1
plasmodesma_v6_3.py,1
plasmodesma_v6_4.py,1
plasmodesma_v7.1.py,1
plasmodesma_v7.py,1
plasmodesma_v8.py,1
cell2csv.m,1
check4badchans_bl.m,1
dots_discrete_upper_lower_et.m,1
extract_for_r_bl.m,1
fft_reshape_for_r.m,1
filtfilthd.m,1
fixeyelinkmessages.m,1
getalpharois_bl.m,1
getchannelvars_bl.m,1
letterkilla_old.m,1
loadbvsk_dn.m,1
runafew_bl.m,1
wspacekiller.m,1
fft_analysis.r,1
normdatawithin.r,1
outliersummary.r,1
sobel_onehemifield_righthemisphere.r,1
summaryse.r,1
summarysewithin.r,1
checkbutton.m,1
checkeyesk.m,1
cleanup.m,1
discretedots4patch4_22_05_2014.m,1
elcalibratedialog.m,1
eldownloaddatafile.m,1
elsetupcalib.m,1
eyelinkinitdefaultssk.m,1
sendtrigger.m,1
theusualparamscrt_tcd.m,1
start-workers.sh,1
import_db.sh,1
learning.r,1
bulk_base_intervals.py,1
clsnapconf.py,1
clsnapfunc.py,1
clsnaputil.py,1
query_snaptron.py,1
snaptroniterator.py,1
snaptroniteratorbulk.py,1
snaptroniteratorhttp.py,1
snaptroniteratorlocal.py,1
js_test.r,1
examples.sh,1
snaptron2r.r,1
run_all.sh,1
adjust_kruskal_wallis_input.sh,1
base_coverage_stats.py,1
base_coverage_stats_by_sample.py,1
base_coverage_stats_ns.py,1
bed2snaptron.py,1
create_gene_exon_coverage_query_jobs_hcluster.sh,1
exon_splicing.sh,1
fixup_gene_exon_bulk_base_intervals.py,1
format_for_js.py,1
js_plot.sh,1
query_psi.sh,1
run_gadph_ts.sh,1
run_intersection.sh,1
run_jir.sh,1
run_psi.sh,1
run_ssc.sh,1
run_ts.sh,1
split_annotated_exons_for_client_querying.sh,1
tissue_specificty_testing.r,1
tissue_specificty_testing2.r,1
validation_boxplot.r,1
snapcount_vignette.sh,1
openephyslib.cpp,1
ipendpointname.cpp,1
ipendpointname.h,1
networkingutils.cpp,1
networkingutils.h,1
packetlistener.h,1
timerlistener.h,1
udpsocket.cpp,1
udpsocket.h,1
messagemappingoscpacketlistener.h,1
oscexception.h,1
oschostendianness.h,1
oscoutboundpacketstream.cpp,1
oscoutboundpacketstream.h,1
oscpacketlistener.h,1
oscprintreceivedelements.cpp,1
oscprintreceivedelements.h,1
oscreceivedelements.cpp,1
oscreceivedelements.h,1
osctypes.cpp,1
osctypes.h,1
trackingmessage.h,1
trackingnode.cpp,1
trackingnode.h,1
trackingnodeeditor.cpp,1
trackingnodeeditor.h,1
trackingstimulator.cpp,1
trackingstimulator.h,1
trackingstimulatorcanvas.cpp,1
trackingstimulatorcanvas.h,1
trackingstimulatoreditor.cpp,1
trackingstimulatoreditor.h,1
trackingvisualizer.cpp,1
trackingvisualizer.h,1
trackingvisualizercanvas.cpp,1
trackingvisualizercanvas.h,1
trackingvisualizereditor.cpp,1
trackingvisualizereditor.h,1
lombok_installer_windowsdriveinfo.c,1
lombok_installer_windowsdriveinfo.h,1
cali_ordering.py,1
constraints.py,1
compatibility_constraints.py,1
license_constraints.py,1
ld_licenses_odrl.py,1
non_valid_licenses.py,1
rep_licenses_odrl.py,1
dl1.py,1
dl2.py,1
license.py,1
cali_onto.py,1
odrl22.py,1
restrictiveness_lattice_of_status.py,1
vocabulary.py,1
record.py,1
methods.py,1
siggen.py,1
signals.py,1
simulate.py,1
simulate_analyze.py,1
build_and_run.sh,1
acousticbrainz_raw_repr_to_taxonomy.py,1
build_tag_representation.py,1
build_translation_table.py,1
compute_bs_results.py,1
compute_kb_results.py,1
dbpedia_repr_to_taxonomy.py,1
ml_logreg.py,1
put_together_dataset.py,1
run_all_logreg.py,1
split_dataset_into_folds.py,1
train_map_logreg.py,1
judge.py,1
dbpedia_mapping.py,1
source_genres.py,1
tag_representation.py,1
trie.py,1
baseline_translators.py,1
graph_translators.py,1
map_logreg.py,1
sklearn_logreg.py,1
translator.py,1
eraerocan.r,1
padstr (automatisch gesichert).r,1
padstr.r,1
rcjarvis2.r,1
run.forhytm.r,1
bsds300.py,1
cifar10.py,1
gas.py,1
hepmass.py,1
miniboone.py,1
power.py,1
maf_experiments.py,1
ops.py,1
sf_sinewave.py,1
steps_plot.py,1
vae_experiments.py,1
config.sh,1
run_full_simulation.sh,1
write_forget_params.sh,1
write_gethi_params.sh,1
write_joint_params.sh,1
