import,count
rllab,838
numpy,471
imgaug,268
sandbox,245
__future__,194
os,193
matplotlib,184
sys,172
spn,160
tensorflow,139
scipy,95
allennlp,91
time,88
argparse,86
pydkb,78
django,77
spike,75
roborobomain,74
theano,70
collections,65
pickle,64
torch,64
base,63
articles,57
utils,53
math,53
itertools,52
six,51
stdafx.h,51
json,50
datetime,49
re,47
lasagne,44
lioutils,42
genetics,42
obqa,40
parametermanager.h,39
cv2,36
iostream,35
logging,35
skimage,35
builtins,31
tag_translation,31
cnn_helpers,28
parse_file,28
vector,27
sklearn,26
random,25
org.slf4j.logger,24
org.slf4j.loggerfactory,24
java.util.map,24
utilities,23
world,22
.,22
algorithm,21
worldmodels,21
string,21
pandas,20
glob,20
worldstate.h,20
traceback,19
functools,18
imageio,18
boost,17
observers,17
typing,17
configparser,17
tqdm,16
ctypes,16
tempfile,16
pprint,16
ddpg_tensorflow,16
inception_v3,16
three,16
timecourse_utils,16
multiprocessing,15
pil,15
pylab,15
argraph.h,15
globaldefines.h,15
csv,14
math.h,14
newscast,14
copy,14
subprocess,14
pydoe2,14
figure_utils,14
dataset,14
pycali,14
io,13
pyll,13
pyll_utils,13
org.apache.kafka.common.config.configdef,13
java.util.list,13
edqd,13
mujoco_env,12
types,12
util,12
input_sieve,12
qmatrix.h,12
griddistances.h,12
rlmanager.h,12
config,11
ggplot2,11
bz2,11
visualize,11
nodes,11
cmath,10
stdlib.h,10
sstream,10
past,10
abc,10
pyami,10
flows_imagenet,10
state.h,10
cstring,9
seaborn,9
gpdoemd,9
stdio.h,9
java.io.bufferedreader,9
java.io.inputstreamreader,9
shapely,9
stats_utils,9
mpl_toolkits,9
xlrd,8
models,8
agents,8
string.h,8
contextlib,8
inspect,8
pygame,8
operator,8
joblib,8
warnings,8
java.util.arrays,8
augmenters,8
org.apache.kafka.common.config.configexception,8
pdfminer,8
neuralnetworks,8
goalreachmodule.h,8
rlmodule.h,8
windows.h,8
requests,7
${home},7
nltk,7
gym,7
tkinter,7
networkx,7
numba,7
java.io.ioexception,7
mutation_spectrum_utils,7
sphinx,7
tacticnotationsparser,7
zipfile,7
copyreg,7
bruker_report,7
auxfunctions.h,7
datasets,7
plotly,6
+i+,6
assert.h,6
map,6
sdl,6
behaviorcontrolarchitectures,6
shutil,6
pdb,6
databasemanager,6
unittest,6
fmin,6
exceptions,6
future,6
simple,6
java.io.file,6
cpickle,6
java.util.arraylist,6
gzip,6
docutils,6
copy_reg,6
statmanager.h,6
clsnapconf,6
stddef.h,5
iomanip,5
overrides,5
pyprind,5
threading,5
ipdb,5
platform,5
queue,5
bs4,5
gpy,5
gp_grief,5
ks,5
opencv2,5
org.moeaframework.executor,5
org.moeaframework.core.nondominatedpopulation,5
org.moeaframework.core.solution,5
org.moeaframework.core.variable.encodingutils,5
org.moeaframework.core.variable.realvariable,5
org.moeaframework.problem.abstractproblem,5
org.apache.kafka.common.config.abstractconfig,5
org.apache.kafka.streams.processor.processorsupplier,5
stream,5
ilt_aux_model,5
chrono,5
plot3d,5
psych,5
trackingvisualizer.h,5
trackingstimulator.h,5
oscpack,5
rdflib,5
django_hstore,4
xml,4
neuralnets,4
zsu,4
fstream,4
fp16_utils,4
preprocess,4
dplyr,4
mako,4
hashlib,4
uuid,4
urllib,4
timeit,4
augmentables,4
org.apache.kafka.common.kafkaexception,4
org.apache.kafka.streams.kafkastreams,4
org.apache.kafka.streams.processor.topologybuilder,4
java.util.properties,4
manager,4
consumer,4
producer,4
layers,4
mixak,4
mass,4
stats,4
parsing,4
tacticnotationsvisitor,4
antlr4,4
batchup,4
plyr,4
agent.h,4
targetver.h,4
tchar.h,4
time.h,4
processorheaders.h,4
trackingmessage.h,4
trackingstimulatoreditor.h,4
trackingvisualizereditor.h,4
config.sh,4
ast,3
stdexcept,3
functional,3
core,3
cstdlib,3
simpleshells,3
numbers,3
optimizer,3
${script_dir},3
maml_examples,3
errno,3
base64,3
getopt,3
__version__,3
bson,3
dill,3
cstdio,3
kps,3
importlib,3
org.apache.kafka.connect.errors.connectexception,3
java.util.date,3
org.apache.kafka.common.utils.time,3
org.apache.kafka.common.utils.systemtime,3
java.util.collections,3
java.util.hashmap,3
ru.kiae.dkb.kafka.streams.processor.processorconfig,3
org.apache.kafka.streams.processor.processor,3
org.apache.kafka.streams.processor.processorcontext,3
java.lang.class,3
elasticsearch,3
select,3
$env_nm,3
sdl2,3
horovod,3
mpi4py,3
flows_celeba,3
pexpect,3
domain_datasets,3
tables,3
click,3
trackingnode.h,3
networkingutils.h,3
cassert,3
cstddef,3
osctypes.h,3
oscreceivedelements.h,3
simple_history,2
bioservices,2
bio,2
django_tables2,2
activationfunctions,2
utility,2
list,2
rjh,2
typeinfo,2
rangesensor.h,2
_jsonnet,2
spacy,2
search_strategy,2
expert_utils,2
emmeans,2
scales,2
shiny,2
dt,2
contrib,2
examples,2
config_personal,2
opengl,2
pydoc,2
dateutil,2
boto3,2
botocore,2
mjcore,2
textwrap,2
mjtypes,2
mjlib,2
product,2
discrete,2
box,2
difflib,2
article,2
articlemanager,2
articleextractor,2
xmlextractor,2
pycurl,2
pyximport,2
param_estim,2
rjags,2
multicore,2
signal,2
socket,2
precomp.hpp,2
cascadedetect.hpp,2
opencl_kernels_objdetect.hpp,2
polys,2
bbs,2
geometric,2
imagecorruptions,2
httplib,2
java.util.regex.pattern,2
java.util.regex.matcher,2
org.apache.kafka.connect.connector.task,2
org.apache.kafka.connect.sink.sinkrecord,2
java.util.collection,2
java.io.bufferedwriter,2
java.io.outputstreamwriter,2
java.lang.interruptedexception,2
org.apache.kafka.connect.source.sourcerecord,2
org.kohsuke.args4j.cmdlineexception,2
org.kohsuke.args4j.cmdlineparser,2
org.kohsuke.args4j.option,2
org.apache.kafka.common.utils.utils,2
ru.kiae.dkb.kafka.streams.topology.topologyconfig,2
ru.kiae.dkb.kafka.streams.topology.configuredtopologybuilder,2
org.apache.kafka.clients.consumer.consumerconfig,2
org.apache.kafka.streams.streamsconfig,2
ru.kiae.dkb.kafka.streams.processor.external.externalprocessorsupplier,2
ru.kiae.dkb.kafka.streams.processor.external.externalprocessorconfig,2
org.apache.kafka.streams.state.keyvaluestore,2
com.fasterxml.jackson.databind.jsonnode,2
org.apache.kafka.streams.state.stores,2
org.apache.kafka.streams.processor.statestoresupplier,2
$base_dir,2
rucio,2
type,2
misc,2
fileproducer,2
inputstream,2
common,2
tarfile,2
ipython,2
load_datasets,2
stats.hpp,2
statsmodels,2
exception,2
controllers,2
flows,2
algo,2
mnist,2
cltree,2
initializations,2
unistd.h,2
error.h,2
nortest,2
moments,2
repl,2
notations,2
torchvision,2
display,2
reshape2,2
lme4,2
effects,2
urllib2,2
ipendpointname.h,2
winsock2.h,2
netdb.h,2
netinet,2
signal.h,2
oschostendianness.h,2
oscexception.h,2
trackingnodeeditor.h,2
editorheaders.h,2
trackingstimulatorcanvas.h,2
visualizerwindowheaders.h,2
visualizereditorheaders.h,2
trackingvisualizercanvas.h,2
jni.h,2
super_inlines,1
forms,1
dal,1
lxml,1
preeclampsia_db,1
dj_database_url,1
grappelli,1
+this._path.tocss()+b+,1
task.h,1
syslog.h,1
plugins,1
inttypes.h,1
stdint.h,1
ostream,1
organism.h,1
sdl_image,1
sdl_mixer,1
deque,1
memory,1
rand.h,1
controller.h,1
neuralcontroller.h,1
ios,1
codecs,1
progressbar,1
evaluator,1
exp_moving_avg,1
torchtext,1
data_parallel,1
train,1
chainer,1
nlme,1
mratios,1
best,1
genomediff,1
rcolorbrewer,1
tidyr,1
tidyverse,1
shinyjs,1
shinywidgets,1
memory_profiler,1
env_spec,1
box2d,1
simple_humanoid_env,1
shlex,1
path,1
cloudpickle,1
enum,1
dis,1
mjviewer,1
mjconstants,1
_ast,1
plotter,1
atexit,1
moviepy,1
flask,1
+l+,1
cached_property,1
sampling_utils,1
trainer,1
textract,1
stemming,1
sqlite3,1
random_fasta_extensions,1
cstringio,1
snp_sites_extensions,1
stationary,1
taylor_first_order,1
taylor_second_order,1
model,1
analytic_model,1
numerical_model,1
surrogate_model,1
gp_model,1
sparse_gp_model,1
gp_grief_model,1
transform,1
laplace_approximation,1
diff_evol,1
least_squares,1
dataloader,1
generator,1
mediator,1
target_lstm,1
algobase,1
vectorize,1
std_out_err_redirect_tqdm,1
optparse,1
pymongo,1
gridfs,1
replaces.hpp,1
heatmaps,1
segmaps,1
size,1
decimal,1
gmpy2,1
external,1
mock,1
fr.cristal.smac.atom.,1
fr.cristal.smac.atom.agents.,1
fr.cristal.smac.atom.orders.,1
ssl,1
http,1
"""$cfg_file""",1
org.apache.kafka.connect.sink.sinkconnector,1
ru.kiae.dkb.kafka.connect.external.sink.externalsinkconfig,1
ru.kiae.dkb.kafka.connect.external.sink.externalsinktask,1
org.apache.kafka.connect.source.sourceconnector,1
ru.kiae.dkb.kafka.connect.external.source.externalsourceconfig,1
ru.kiae.dkb.kafka.connect.external.source.externalsourcetask,1
org.apache.kafka.clients.consumer.offsetandmetadata,1
org.apache.kafka.common.topicpartition,1
org.apache.kafka.connect.errors.retriableexception,1
org.apache.kafka.connect.sink.sinktask,1
org.apache.kafka.connect.data.schema,1
org.apache.kafka.connect.data.connectschema,1
org.apache.commons.lang.stringutils,1
org.json.jsonarray,1
org.json.jsonexception,1
org.json.jsonobject,1
java.nio.file.path,1
java.nio.file.paths,1
java.nio.file.invalidpathexception,1
org.apache.kafka.connect.source.sourcetask,1
java.util.concurrent.atomic.atomicboolean,1
org.apache.kafka.connect.runtime.connect,1
org.apache.kafka.connect.runtime.connectorconfig,1
org.apache.kafka.connect.runtime.workerconfig,1
org.apache.kafka.connect.runtime.standalone.standaloneconfig,1
org.apache.kafka.connect.runtime.worker,1
org.apache.kafka.connect.runtime.herder,1
org.apache.kafka.connect.runtime.standalone.standaloneherder,1
org.apache.kafka.connect.file.filestreamsourceconnector,1
org.apache.kafka.connect.util.callback,1
org.apache.kafka.connect.util.futurecallback,1
org.apache.kafka.connect.runtime.rest.entities.connectorinfo,1
org.apache.kafka.connect.runtime.rest.restserver,1
org.apache.kafka.connect.storage.fileoffsetbackingstore,1
org.apache.kafka.connect.runtime.connectorfactory,1
java.net.uri,1
org.apache.kafka.common.serialization.serdes,1
ru.kiae.dkb.kafka.common.external.externalprocesslogger,1
java.util.concurrent.timeunit,1
java.lang.math,1
java.lang.illegalthreadstateexception,1
org.apache.kafka.streams.processor.statestore,1
ru.kiae.dkb.kafka.streams.topology.processornodeconfig,1
ru.kiae.dkb.kafka.streams.topology.sinknodeconfig,1
org.apache.kafka.common.serialization.serde,1
org.apache.kafka.common.serialization.serializer,1
org.apache.kafka.common.serialization.deserializer,1
org.apache.kafka.connect.json.jsondeserializer,1
org.apache.kafka.connect.json.jsonserializer,1
ru.kiae.dkb.kafka.streams.processor.glance.glanceprocessorsupplier,1
java.lang.nosuchmethodexception,1
java.lang.securityexception,1
java.lang.illegalargumentexception,1
java.lang.exceptionininitializererror,1
java.lang.reflectiveoperationexception,1
java.lang.reflect.constructor,1
cx_oracle,1
pytz,1
offsetstorage,1
dbconnection,1
"""$es_config""",1
"""$base_dir""",1
pyami_atlas,1
pdfwork,1
xmltable,1
setuptools,1
custom_readline,1
loggableobject,1
fcntl,1
posixpath,1
dkbid,1
cds,1
kerberos,1
invenio_client,1
splinter,1
messages,1
fileconsumer,1
hdfsconsumer,1
streamconsumer,1
hdfsproducer,1
streamproducer,1
outputstream,1
abstractstage,1
processorstage,1
"""${functions}",1
"""${base_dir}",1
@eslint,1
jszip,1
bootstrap,1
stats.js,1
dat.gui,1
vite,1
vite-plugin-static-copy,1
genomicfeatures,1
rsamtools,1
casper,1
parallel,1
rtracklayer,1
unordered_map,1
clone.hpp,1
dfe.hpp,1
uniform_prior_calculate_haplotypes,1
uniform_prior_well_mixed_hmm,1
cbcm,1
tuple,1
trajectory.hpp,1
pvalue.hpp,1
sdl2_image,1
float.h,1
logistic,1
flow_training,1
caltech101,1
newsgroups,1
graphviz,1
scopes,1
gc,1
factory,1
packaging,1
getopt.h,1
compatibility.c,1
graph.c,1
domains.c,1
alldiff.c,1
lad.c,1
strstream,1
ctype.h,1
argedit.h,1
allocpool.h,1
rcpp,1
rcpparmadillo,1
rcpparmadillo.h,1
binhf,1
main,1
fontforge,1
psmat,1
dominate,1
tacticnotationslexer,1
cmdline_helpers,1
data_loaders,1
augmentation,1
foreign,1
car,1
pastecs,1
multcomp,1
compute.es,1
ez,1
lattice,1
png,1
grid,1
diagram,1
hydrogof,1
e1071,1
neuralnet,1
glmnet,1
query_snaptron,1
snaptroniteratorbulk,1
clsnaputil,1
snaptroniteratorhttp,1
snaptroniteratorlocal,1
snaptroniterator,1
junctionseq,1
rcurl,1
genomicranges,1
plugininfo.h,1
udpsocket.h,1
mmsystem.h,1
pthread.h,1
errno.h,1
packetlistener.h,1
timerlistener.h,1
oscpacketlistener.h,1
oscoutboundpacketstream.h,1
malloc.h,1
..,1
oscprintreceivedelements.h,1
ctime,1
iosfwd,1
winbase.h,1
lombok_installer_windowsdriveinfo.h,1
sensing,1
sparqlwrapper,1
unidecode,1
alphabet_detector,1
wordninja,1
translator,1
conf,1
power,1
gas,1
hepmass,1
miniboone,1
bsds300,1
cifar10,1
h5py,1
external_maf,1
