full_name,file_count,unclassified_files,unclassified_pct,content_scanned_files,collection_files,processing_files,implementation_files,experimentation_files,evaluation_files,dissemination_files,collection_pct,processing_pct,implementation_pct,experimentation_pct,evaluation_pct,dissemination_pct
sashkow/placenta-preeclampsia,900,885,98.33333333333333,356,0,0,9,1,0,5,0.0,0.0,1.0,0.1111111111111111,0.0,0.5555555555555556
ci-group/monee,338,249,73.66863905325444,220,0,0,88,0,0,1,0.0,0.0,26.035502958579883,0.0,0.0,0.2958579881656805
allenai/OpenBookQA,98,80,81.63265306122449,79,5,0,2,6,4,1,5.1020408163265305,0.0,2.0408163265306123,6.122448979591836,4.081632653061225,1.0204081632653061
DevSinghSachan/multilingual_nmt,60,57,95.0,41,1,0,1,0,0,1,1.6666666666666667,0.0,1.6666666666666667,0.0,0.0,1.6666666666666667
anthonydn/treateffect,18,18,100.0,6,0,0,0,0,0,0,0.0,0.0,0.0,0.0,0.0,0.0
barricklab/LTEE-Ecoli,1846,1844,99.89165763813651,15,0,0,0,0,0,2,0.0,0.0,0.0,0.0,0.0,0.10834236186348861
cbfinn/maml_rl,406,363,89.4088669950739,321,0,4,23,1,0,15,0.0,0.9852216748768473,5.665024630541872,0.24630541871921183,0.0,3.6945812807881775
Breakend/ReproducibilityInContinuousPolicyGradientMethods,24,23,95.83333333333334,23,0,0,0,0,0,1,0.0,0.0,0.0,0.0,0.0,4.166666666666666
anguelos/embedding_map,8,3,37.5,3,0,0,2,1,0,3,0.0,0.0,25.0,12.5,0.0,37.5
CBMIWU/Research_Reproducibility,26,24,92.3076923076923,11,0,0,0,0,0,2,0.0,0.0,0.0,0.0,0.0,7.6923076923076925
bewt85/PySnpSites,6,5,83.33333333333334,3,0,0,0,0,0,1,0.0,0.0,0.0,0.0,0.0,16.666666666666664
dbermbach/web-api-bench,25,10,40.0,21,0,0,14,0,0,1,0.0,0.0,56.00000000000001,0.0,0.0,4.0
akshay-r/autoencoders_dictionaries,7,6,85.71428571428571,1,0,0,0,0,0,1,0.0,0.0,0.0,0.0,0.0,14.285714285714285
cog-imperial/GPdoemd,88,49,55.68181818181818,80,0,0,34,0,0,5,0.0,0.0,38.63636363636363,0.0,0.0,5.681818181818182
DanSBS/NGSPower,17,16,94.11764705882352,9,0,0,0,0,0,1,0.0,0.0,0.0,0.0,0.0,5.88235294117647
desire2020/CoT,10,9,90.0,6,0,0,0,0,0,1,0.0,0.0,0.0,0.0,0.0,10.0
aquemy/DPSO_experiments,621,574,92.4315619967794,423,0,0,24,22,0,2,0.0,0.0,3.864734299516908,3.542673107890499,0.0,0.322061191626409
AdamByerly/HVCsEnableAGD,30,28,93.33333333333333,26,0,0,0,0,0,2,0.0,0.0,0.0,0.0,0.0,6.666666666666667
BrainsOnBoard/CX_neural_compass_paper,439,438,99.77220956719817,19,0,0,0,0,0,1,0.0,0.0,0.0,0.0,0.0,0.22779043280182232
BobbyBruce1990/DPT-OpenCV,84,82,97.61904761904762,18,0,0,0,0,0,2,0.0,0.0,0.0,0.0,0.0,2.380952380952381
clicumu/pyDOE2,85,17,20.0,32,0,0,1,0,0,67,0.0,0.0,1.1764705882352942,0.0,0.0,78.82352941176471
aleju/imgaug,294,249,84.6938775510204,270,0,0,41,0,0,4,0.0,0.0,13.945578231292515,0.0,0.0,1.3605442176870748
cristal-smac/atom,93,17,18.27956989247312,79,0,0,74,0,0,2,0.0,0.0,79.56989247311827,0.0,0.0,2.1505376344086025
pandawms/dkb,609,484,79.47454844006569,220,0,0,39,9,1,77,0.0,0.0,6.403940886699508,1.477832512315271,0.16420361247947454,12.643678160919542
andreyzhd/MEG2MEG,53,16,30.18867924528302,38,0,0,36,0,0,1,0.0,0.0,67.9245283018868,0.0,0.0,1.8867924528301887
abezuglov/ann,355,355,100.0,29,0,0,0,0,0,0,0.0,0.0,0.0,0.0,0.0,0.0
craffel/ff-attention,6,4,66.66666666666666,5,0,0,0,0,0,2,0.0,0.0,0.0,0.0,0.0,33.33333333333333
BenLangmead/qtip-experiments,155,42,27.09677419354839,102,0,0,1,106,1,12,0.0,0.0,0.6451612903225806,68.38709677419355,0.6451612903225806,7.741935483870968
DIVERSIFY-project/autojmh-validation-data,187,31,16.577540106951872,158,0,0,153,0,25,3,0.0,0.0,81.81818181818183,0.0,13.368983957219251,1.6042780748663104
dividiti/gemmbench-adapt16,454,450,99.11894273127754,0,0,0,0,4,0,0,0.0,0.0,0.0,0.881057268722467,0.0,0.0
cms-outreach/ispy-webgl,154,151,98.05194805194806,19,0,0,2,0,0,1,0.0,0.0,1.2987012987012987,0.0,0.0,0.6493506493506493
BitSeq/BitSeqVB_benchmarking,39,38,97.43589743589743,28,0,0,0,0,0,1,0.0,0.0,0.0,0.0,0.0,2.564102564102564
benjaminhgood/LTEE-metagenomic,139,127,91.36690647482014,86,1,3,1,0,0,7,0.7194244604316548,2.158273381294964,0.7194244604316548,0.0,0.0,5.0359712230215825
asteyven/EDQD-GECCO2018,213,158,74.17840375586854,127,0,1,52,0,0,2,0.0,0.4694835680751174,24.413145539906104,0.0,0.0,0.9389671361502347
diglesia/delaIglesiaetal_Data,16449,16448,99.99392060307616,1,0,0,0,0,0,1,0.0,0.0,0.0,0.0,0.0,0.006079396923825157
biomachineslab/jbotevolver,343,54,15.743440233236154,315,0,0,288,0,0,1,0.0,0.0,83.96501457725948,0.0,0.0,0.2915451895043732
aravindsrinivas/flowpp,22,17,77.27272727272727,22,0,0,0,0,3,2,0.0,0.0,0.0,0.0,13.636363636363635,9.090909090909092
arranger1044/spyn-repr,85,71,83.52941176470588,54,0,0,13,0,0,1,0.0,0.0,15.294117647058824,0.0,0.0,1.1764705882352942
bozakov/sshlauncher,26,10,38.46153846153847,5,0,0,1,0,0,15,0.0,0.0,3.8461538461538463,0.0,0.0,57.692307692307686
ciaranm/cp2015-subgraph-isomorphism,80392,3400,4.229276544929843,46,0,0,19,76918,0,56,0.0,0.0,0.02363419245696089,95.67867449497463,0.0,0.06965867250472683
crohr/bfire,37,25,67.56756756756756,1,0,0,11,0,0,1,0.0,0.0,29.72972972972973,0.0,0.0,2.7027027027027026
rakitko/nostra,76,73,96.05263157894737,23,0,0,0,0,0,3,0.0,0.0,0.0,0.0,0.0,3.9473684210526314
cclab-brca/ICRG,2,1,50.0,2,0,0,0,0,0,1,0.0,0.0,0.0,0.0,0.0,50.0
cpitclaudel/coq-rst,53,50,94.33962264150944,34,0,0,1,0,0,2,0.0,0.0,1.8867924528301887,0.0,0.0,3.7735849056603774
Britefury/self-ensemble-visual-domain-adapt,17,13,76.47058823529412,16,0,0,1,2,0,1,0.0,0.0,5.88235294117647,11.76470588235294,0.0,5.88235294117647
delsuc/plasmodesma,19,18,94.73684210526315,15,0,0,0,0,0,1,0.0,0.0,0.0,0.0,0.0,5.263157894736842
DanielPNewman/BlueEnrichedLightRepo,111,106,95.4954954954955,13,0,0,0,0,0,5,0.0,0.0,0.0,0.0,0.0,4.504504504504505
borjafdezgauna/D-RR-QL-PlosONE,109,104,95.41284403669725,103,0,0,0,4,0,1,0.0,0.0,0.0,3.669724770642202,0.0,0.9174311926605505
delta-net/datasets,2,1,50.0,1,0,0,0,0,0,1,0.0,0.0,0.0,0.0,0.0,50.0
brentondwalker/MRSperf,22,10,45.45454545454545,9,0,2,7,0,0,3,0.0,9.090909090909092,31.818181818181817,0.0,0.0,13.636363636363635
chili-epfl/learning-platform,132,32,24.242424242424242,32,0,0,1,0,0,100,0.0,0.0,0.7575757575757576,0.0,0.0,75.75757575757575
ChristopherWilks/snaptron-experiments,91,84,92.3076923076923,47,0,0,5,0,1,1,0.0,0.0,5.4945054945054945,0.0,1.098901098901099,1.098901098901099
CINPLA/tracking-plugin,613,606,98.85807504078304,61,0,0,6,0,0,1,0.0,0.0,0.9787928221859705,0.0,0.0,0.1631321370309951
amelentev/lombok-oo,612,74,12.091503267973856,430,0,264,421,6,0,80,0.0,43.13725490196079,68.79084967320262,0.9803921568627451,0.0,13.071895424836603
anpar/EE-WCC-MapReduce,8,2,25.0,0,0,0,5,0,0,1,0.0,0.0,62.5,0.0,0.0,12.5
benjimor/CaLi,33,24,72.72727272727273,29,0,0,8,0,0,1,0.0,0.0,24.242424242424242,0.0,0.0,3.0303030303030303
avian2/spectrum-sensing-methods,24368,24361,99.97127380170716,14,0,0,0,0,6,1,0.0,0.0,0.0,0.0,0.024622455679579776,0.004103742613263296
deezer/MusicGenreTranslation,36,30,83.33333333333334,34,1,0,2,0,0,3,2.7777777777777777,0.0,5.555555555555555,0.0,0.0,8.333333333333332
mspeich/forhytm,22,21,95.45454545454545,6,0,0,0,0,0,1,0.0,0.0,0.0,0.0,0.0,4.545454545454546
CW-Huang/NAF,22,20,90.9090909090909,17,1,0,0,0,0,1,4.545454545454546,0.0,0.0,0.0,0.0,4.545454545454546
damonge/CRIME,49,22,44.89795918367347,30,0,1,26,0,0,0,0.0,2.0408163265306123,53.06122448979592,0.0,0.0,0.0
