name,excluded_unclassified_files,pct
.csv,125932,30.8452
.json,100404,24.5925
.db,63506,15.5549
.xml,54849,13.4345
.npy,21970,5.3812
.yaml,12280,3.0078
.yml,7663,1.8769
.tsv,4599,1.1265
.pickle,4386,1.0743
.toml,4212,1.0317
.ini,1494,0.3659
.cfg,1334,0.3267
.ttl,1028,0.2518
.npz,978,0.2395
.h5,931,0.228
.pkl,771,0.1888
.owl,625,0.1531
.rdf,519,0.1271
.jsonl,241,0.059
.arff,232,0.0568
.hdf5,90,0.022
.cff,76,0.0186
.feather,66,0.0162
.nt,43,0.0105
.sqlite,18,0.0044
.sqlite3,12,0.0029
.parquet,8,0.002
.trig,3,0.0007
.nq,1,0.0002
