rule_id,files_with_rule_evidence
IMP_PATH_SOURCE_DIR,220491
DIS_PATH_DOC_DIR,94623
IMP_PATH_TESTS,58979
PRO_CONTENT_PROCESS,38359
EVA_CONTENT_METRIC,20696
DIS_README,18719
EVA_PATH_EVAL_DIR,16038
EXP_PATH_EXPERIMENT_DIR,15056
PRO_PATH_PROCESS_DIR,9345
DIS_CONTENT_CITATION,7861
COL_CONTENT_ACQUIRE,6890
IMP_PACKAGE_FILE,4576
EXP_CONTENT_RUN,4376
COL_PATH_ACQUIRE_DIR,2042
IMP_CLI_FILE,1890
PRO_PATH_PROCESS_FILE,1100
EVA_PATH_EVAL_FILE,951
DIS_DOC_BUILD,586
EXP_PATH_EXPERIMENT_FILE,348
COL_PATH_ACQUIRE_FILE,346
DIS_CITATION_FILE,123
