name,eligible_unclassified_files,pct
.dat,24673,71.4559
(none),3810,11.0342
.gd,1802,5.2188
.py,1006,2.9135
.txt,525,1.5205
.png,428,1.2395
.js,282,0.8167
.h,259,0.7501
.bin,172,0.4981
.md,125,0.362
.model,112,0.3244
.sh,110,0.3186
.css,108,0.3128
.r,76,0.2201
.cpp,72,0.2085
.gif,53,0.1535
.glb,49,0.1419
.properties,45,0.1303
.htm,42,0.1216
.pdf,42,0.1216
.m,40,0.1158
.java,33,0.0956
.html,29,0.084
.ipynb,27,0.0782
.bmp,27,0.0782
.svg,26,0.0753
.jpage,26,0.0753
.gnuplot,19,0.055
.patch,16,0.0463
.mtl,16,0.0463
.obj,16,0.0463
.rdata,16,0.0463
.oebin,14,0.0405
.mat,13,0.0376
.tre,12,0.0348
.rst,11,0.0319
.svn-base,10,0.029
.bsh,10,0.029
.hpp,10,0.029
.jar,10,0.029
.ttf,9,0.0261
.psd,9,0.0261
.conf,9,0.0261
.ig,9,0.0261
.hh,9,0.0261
.woff,8,0.0232
.jpg,8,0.0232
.pyc,8,0.0232
.launcher$appclassloader@106d69c,8,0.0232
.rar,8,0.0232
.cc,8,0.0232
.pp,8,0.0232
.example,7,0.0203
.c,7,0.0203
.rd,6,0.0174
.vsz,6,0.0174
.eot,5,0.0145
.pl,5,0.0145
.rb,5,0.0145
.mako,5,0.0145
.7z,5,0.0145
.sbatch,5,0.0145
.fits,5,0.0145
.woff2,4,0.0116
.xls,4,0.0116
.awk,4,0.0116
.perl,4,0.0116
.rda,4,0.0116
.features,4,0.0116
.config,4,0.0116
.vcproj,4,0.0116
.dump,3,0.0087
.swf,3,0.0087
.en,3,0.0087
.vi,3,0.0087
.gbk,3,0.0087
.in,3,0.0087
.ui,3,0.0087
.zip,3,0.0087
.prefs,3,0.0087
.tgz,3,0.0087
.tbz2,3,0.0087
.raw1,3,0.0087
.raw2,3,0.0087
.expected,3,0.0087
.bib,2,0.0058
.jpeg,2,0.0058
.rhistory,2,0.0058
.rproj,2,0.0058
.lock,2,0.0058
.pyx,2,0.0058
.proj,2,0.0058
.mapping,2,0.0058
.diff,2,0.0058
.launcher$appclassloader@106d69c-1,2,0.0058
.launcher$appclassloader@106d69c-2,2,0.0058
.tr,2,0.0058
.fastq,2,0.0058
.399,2,0.0058
.799,2,0.0058
.999,2,0.0058
.col,2,0.0058
.row,2,0.0058
.data,2,0.0058
.ru,2,0.0058
.tokens,2,0.0058
.rkt,2,0.0058
.elp,2,0.0058
.docx,2,0.0058
.sbt,2,0.0058
.bonsai,2,0.0058
.template,2,0.0058
.dll,2,0.0058
.iml,1,0.0029
.pt,1,0.0029
.vmat,1,0.0029
.testdata,1,0.0029
.avi,1,0.0029
.dcr,1,0.0029
.flv,1,0.0029
.mov,1,0.0029
.ram,1,0.0029
.rm,1,0.0029
.xls#,1,0.0029
.ds_store,1,0.0029
.prop,1,0.0029
.xcf,1,0.0029
.old,1,0.0029
.rscript,1,0.0029
.gpl,1,0.0029
.fna,1,0.0029
.gff3,1,0.0029
.xlsx,1,0.0029
.11739,1,0.0029
.bak,1,0.0029
.d,1,0.0029
.orientdb_install,1,0.0029
.fcgi,1,0.0029
.service,1,0.0029
.sql,1,0.0029
.php,1,0.0029
.update,1,0.0029
.jq,1,0.0029
.pro,1,0.0029
.tar,1,0.0029
.linux,1,0.0029
.mac,1,0.0029
.src_linux,1,0.0029
.from_github,1,0.0029
.mason2,1,0.0029
.id,1,0.0029
.thetameans,1,0.0029
.gz,1,0.0029
.modular,1,0.0029
.features~,1,0.0029
.99,1,0.0029
.199,1,0.0029
.299,1,0.0029
.499,1,0.0029
.599,1,0.0029
.699,1,0.0029
.899,1,0.0029
.mk,1,0.0029
.tex,1,0.0029
.gemspec,1,0.0029
.phtml,1,0.0029
.erb,1,0.0029
.sty,1,0.0029
.g,1,0.0029
.rmd,1,0.0029
.gff,1,0.0029
.bed,1,0.0029
.coords,1,0.0029
.output,1,0.0029
.forget,1,0.0029
.gethi,1,0.0029
.joint,1,0.0029
.sh~,1,0.0029
