name,unclassified_files,pct
.dat,24673,46.9256
.arff,16328,31.0542
(none),3810,7.2462
.gd,1802,3.4272
.py,1006,1.9133
.json,694,1.3199
.txt,525,0.9985
.npy,497,0.9452
.png,428,0.814
.xml,304,0.5782
.js,282,0.5363
.h,259,0.4926
.bin,172,0.3271
.md,125,0.2377
.model,112,0.213
.sh,110,0.2092
.css,108,0.2054
.r,76,0.1445
.cpp,72,0.1369
.tsv,63,0.1198
.csv,62,0.1179
.gif,53,0.1008
.glb,49,0.0932
.properties,45,0.0856
.htm,42,0.0799
.pdf,42,0.0799
.m,40,0.0761
.pkl,40,0.0761
.java,33,0.0628
.html,29,0.0552
.ipynb,27,0.0514
.bmp,27,0.0514
.svg,26,0.0494
.jpage,26,0.0494
.ndjson,21,0.0399
.gnuplot,19,0.0361
.yml,17,0.0323
.patch,16,0.0304
.mtl,16,0.0304
.obj,16,0.0304
.rdata,16,0.0304
.oebin,14,0.0266
.mat,13,0.0247
.tre,12,0.0228
.rst,11,0.0209
.svn-base,10,0.019
.bsh,10,0.019
.hpp,10,0.019
.jar,10,0.019
.ttf,9,0.0171
.psd,9,0.0171
.conf,9,0.0171
.ig,9,0.0171
.hh,9,0.0171
.woff,8,0.0152
.jpg,8,0.0152
.pyc,8,0.0152
.launcher$appclassloader@106d69c,8,0.0152
.rar,8,0.0152
.cc,8,0.0152
.pp,8,0.0152
.example,7,0.0133
.ttl,7,0.0133
.c,7,0.0133
.rd,6,0.0114
.vsz,6,0.0114
.eot,5,0.0095
.pl,5,0.0095
.rb,5,0.0095
.mako,5,0.0095
.cfg,5,0.0095
.7z,5,0.0095
.sbatch,5,0.0095
.fits,5,0.0095
.woff2,4,0.0076
.xls,4,0.0076
.awk,4,0.0076
.perl,4,0.0076
.rda,4,0.0076
.ini,4,0.0076
.features,4,0.0076
.config,4,0.0076
.vcproj,4,0.0076
.dump,3,0.0057
.swf,3,0.0057
.en,3,0.0057
.vi,3,0.0057
.gbk,3,0.0057
.in,3,0.0057
.ui,3,0.0057
.zip,3,0.0057
.prefs,3,0.0057
.tgz,3,0.0057
.tbz2,3,0.0057
.raw1,3,0.0057
.raw2,3,0.0057
.expected,3,0.0057
.bib,2,0.0038
.jpeg,2,0.0038
.rhistory,2,0.0038
.rproj,2,0.0038
.lock,2,0.0038
.pyx,2,0.0038
.proj,2,0.0038
.yaml,2,0.0038
.mapping,2,0.0038
.diff,2,0.0038
.launcher$appclassloader@106d69c-1,2,0.0038
.launcher$appclassloader@106d69c-2,2,0.0038
.tr,2,0.0038
.fastq,2,0.0038
.399,2,0.0038
.799,2,0.0038
.999,2,0.0038
.col,2,0.0038
.row,2,0.0038
.data,2,0.0038
.ru,2,0.0038
.tokens,2,0.0038
.rkt,2,0.0038
.elp,2,0.0038
.docx,2,0.0038
.sbt,2,0.0038
.bonsai,2,0.0038
.template,2,0.0038
.dll,2,0.0038
.iml,1,0.0019
.pt,1,0.0019
.vmat,1,0.0019
.testdata,1,0.0019
.avi,1,0.0019
.dcr,1,0.0019
.flv,1,0.0019
.mov,1,0.0019
.ram,1,0.0019
.rm,1,0.0019
.xls#,1,0.0019
.ds_store,1,0.0019
.prop,1,0.0019
.xcf,1,0.0019
.old,1,0.0019
.rscript,1,0.0019
.gpl,1,0.0019
.fna,1,0.0019
.gff3,1,0.0019
.npz,1,0.0019
.db,1,0.0019
.xlsx,1,0.0019
.11739,1,0.0019
.pickle,1,0.0019
.bak,1,0.0019
.d,1,0.0019
.orientdb_install,1,0.0019
.fcgi,1,0.0019
.service,1,0.0019
.sql,1,0.0019
.php,1,0.0019
.update,1,0.0019
.jq,1,0.0019
.owl,1,0.0019
.pro,1,0.0019
.tar,1,0.0019
.linux,1,0.0019
.mac,1,0.0019
.src_linux,1,0.0019
.from_github,1,0.0019
.mason2,1,0.0019
.id,1,0.0019
.thetameans,1,0.0019
.gz,1,0.0019
.modular,1,0.0019
.features~,1,0.0019
.99,1,0.0019
.199,1,0.0019
.299,1,0.0019
.499,1,0.0019
.599,1,0.0019
.699,1,0.0019
.899,1,0.0019
.mk,1,0.0019
.tex,1,0.0019
.gemspec,1,0.0019
.phtml,1,0.0019
.erb,1,0.0019
.sty,1,0.0019
.g,1,0.0019
.rmd,1,0.0019
.sqlite3,1,0.0019
.gff,1,0.0019
.bed,1,0.0019
.coords,1,0.0019
.output,1,0.0019
.cff,1,0.0019
.forget,1,0.0019
.gethi,1,0.0019
.joint,1,0.0019
.sh~,1,0.0019
