extension,unclassified_source_files,pct_of_unclassified_source_files
.py,55196,20.9526
.m,34029,12.9175
.h,27082,10.2804
.cs,24011,9.1147
.js,17306,6.5694
.hpp,13280,5.0411
.r,11084,4.2075
.c,10915,4.1434
.sh,10121,3.842
.pl,9299,3.5299
.php,8746,3.32
.cpp,7553,2.8671
.java,4424,1.6794
.ipynb,4097,1.5552
.cxx,3363,1.2766
.tsx,3050,1.1578
.rb,3037,1.1529
.f90,2681,1.0177
.f,2347,0.8909
.go,2337,0.8871
.swift,2060,0.782
.sql,1911,0.7254
.cc,1695,0.6434
.lua,1623,0.6161
.pm,631,0.2395
.ts,377,0.1431
.jl,337,0.1279
.jsx,315,0.1196
.scala,176,0.0668
.bash,173,0.0657
.rs,97,0.0368
.kts,58,0.022
.f95,12,0.0046
.kt,4,0.0015
.for,3,0.0011
.zsh,3,0.0011
